AA,4.1
AAC,0.03
AACI,0.01
AADI,5.68
AAIC,0.19
AAL,10.26
AAMC,5.86
AAME,1.32
AAN,5.71
AAOI,11.18
AAON,2.74
AAP,3.76
AAPL,0.73
AAT,3.45
AAU,0.08
AB,0.57
ABBV,0.86
ABC,2.49
ABCB,2.4
ABCL,11.5
ABEO,3.57
ABG,10.28
ABIO,1.72
ABM,2.38
ABNB,4.62
ABOS,1.73
ABR,13.5
ABSI,7.01
ABST,0.81
ABT,0.73
ABUS,3.46
ABVC,0.6
AC,1.14
ACA,0.95
ACAB,0.35
ACAC,0.04
ACAD,5.94
ACAH,0.37
ACAQ,0.55
ACAX,0.01
ACB,8.85
ACBA,0.03
ACCD,5.05
ACCO,1.97
ACDC,16.49
ACEL,1.74
ACER,5.88
ACET,6.67
ACGL,1.67
ACGN,0.79
ACHC,4.04
ACHR,9.08
ACHV,3.35
ACI,2.78
ACIU,0.71
ACIW,2.22
ACLS,4.61
ACLX,14.35
ACM,1.25
ACMR,4.93
ACN,1.04
ACNB,0.85
ACNT,0.05
ACON,1.19
ACOR,0.83
ACR,0.12
ACRE,4.48
ACRO,0.04
ACRS,7.73
ACRV,3.35
ACRX,7.73
ACST,1.47
ACT,4.21
ACTG,0.8
ACU,0.28
ACVA,7.42
ACXP,0.24
ADAL,0.04
ADBE,1.14
ADC,4.23
ADCT,13.48
ADD,11.8
ADEA,2.16
ADER,0.18
ADES,0.13
ADEX,0.27
ADI,1.09
ADIL,1.19
ADM,1.23
ADMA,5.83
ADMP,0.72
ADN,5.97
ADNT,3.86
ADOC,0.24
ADP,1.04
ADPT,3.9
ADRT,0.01
ADSE,0.57
ADSK,1.12
ADT,1.22
ADTH,4.94
ADTN,2.82
ADTX,1.95
ADUS,2.99
ADV,5.39
ADVM,1.58
AE,0.84
AEAE,0.03
AEE,1.85
AEHL,0.99
AEHR,19.7
AEI,1.69
AEIS,4.23
AEL,5.8
AEM,2.11
AEMD,0.58
AEO,7.98
AEP,1.21
AER,0.88
AES,1.98
AESI,7.46
AEVA,4.6
AEYE,1.08
AEZS,1.6
AFAR,0.05
AFBI,0.16
AFCG,3.43
AFG,1.44
AFIB,1.79
AFL,1.61
AFMD,4.1
AFRI,0.37
AFRM,21.45
AFYA,1.3
AG,5.55
AGAC,0.21
AGAE,0.98
AGBA,1.1
AGCO,2.11
AGE,0.84
AGEN,7.84
AGFY,2.06
AGI,1.94
AGIL,1.34
AGIO,9.83
AGL,17.16
AGLE,1.11
AGM,1.26
AGMH,0.09
AGNC,5.08
AGO,1.59
AGR,6.4
AGRI,1.77
AGRO,1.97
AGRX,3.64
AGS,3.52
AGTI,10.01
AGX,1.44
AGYS,1.26
AHCO,15.67
AHH,1.28
AHRN,0.01
AHT,8.3
AI,32
AIB,0.21
AIG,1.24
AIHS,1.58
AIM,1.76
AIMD,0.29
AIN,0.52
AINC,0.42
AIP,2.26
AIR,2.51
AIRC,1.88
AIRG,1.7
AIRI,0.02
AIRS,23.38
AIRT,0.31
AIT,1.18
AIV,6.63
AIZ,1.84
AJG,0.99
AJRD,7.41
AJX,0.43
AKA,4.17
AKAM,7.47
AKAN,5.56
AKBA,3.41
AKLI,0.15
AKR,1.7
AKRO,11.18
AKTS,7.96
AKU,0.21
AKYA,3.76
AL,1.94
ALB,5.93
ALBT,5.73
ALC,1.49
ALCC,0.03
ALCO,7.26
ALDX,5.74
ALE,2.81
ALEC,8.05
ALEX,1.44
ALG,0.87
ALGM,7.52
ALGN,3.37
ALGS,2.34
ALGT,4.3
ALHC,4.19
ALIM,0.55
ALIT,4.08
ALK,3.81
ALKS,5.47
ALKT,2.15
ALL,1.02
ALLE,2.11
ALLG,0.15
ALLK,5.29
ALLO,52.07
ALLR,2.24
ALLT,0.36
ALLY,5.46
ALNY,4.02
ALOR,0.02
ALOT,0.2
ALPN,2.32
ALPP,6.97
ALPS,0.69
ALRM,3.74
ALRN,0.78
ALRS,0.99
ALSA,0.01
ALSN,2.44
ALT,20.18
ALTG,3.68
ALTI,1.51
ALTO,3.95
ALTR,6.06
ALTU,0.09
ALV,2.88
ALVO,0.27
ALVR,14.64
ALX,7.24
ALXO,13.14
ALYA,0.02
ALZN,1.15
AM,1.85
AMAL,2.63
AMAO,0.23
AMAT,1.45
AMBA,3.3
AMBC,7.29
AMBI,3.41
AMBP,2.27
AMC,26.61
AMCR,1.93
AMCX,4.12
AMD,1.87
AME,0.76
AMED,6.31
AMEH,7.87
AMG,1.65
AMGN,1.5
AMH,2.78
AMK,1.51
AMKR,3.28
AMLI,1.4
AMLX,13.52
AMN,14.89
AMNB,0.83
AMOT,0.77
AMP,1.08
AMPE,1.27
AMPG,1.65
AMPH,3.83
AMPL,4.3
AMPS,5.77
AMPX,3.62
AMPY,3.91
AMR,6.3
AMRC,10.84
AMRK,5.27
AMRS,19.27
AMRX,5.55
AMS,0.13
AMSC,2.94
AMSF,1.07
AMST,7.79
AMSWA,1.1
AMT,0.83
AMTB,1.65
AMTI,1.05
AMTX,23.03
AMV,4.86
AMWD,3.73
AMWL,4.25
AMZN,0.64
AN,16.76
ANAB,17.11
ANDE,2.44
ANEB,0.08
ANET,1.38
ANF,11.35
ANGH,0.13
ANGI,8.85
ANGN,0.27
ANGO,2.03
ANIK,3.22
ANIP,2.65
ANIX,1.99
ANNX,5.51
ANSS,0.99
ANTX,1.95
ANVS,8.3
ANY,0.77
ANZU,0.14
AOGO,0.39
AOMR,4.31
AON,1.07
AORT,8.07
AOS,3.86
AOSL,6.13
AOUT,1.54
AP,4.29
APA,3.71
APAC,0.1
APAM,3.52
APCA,0.01
APCX,1.06
APD,0.86
APDN,3.86
APEI,4.57
APG,1.73
APGB,0.01
APGN,0.8
APH,1
APLD,5.34
APLE,1.79
APLM,1.85
APLS,12.36
APLT,0.83
APM,1.44
APO,3.03
APOG,4.07
APP,11.8
APPF,3.7
APPH,14.2
APPN,8.08
APPS,6.87
APRE,1.06
APRN,15.67
APT,1.47
APTM,0.01
APTO,0.18
APTV,1.84
APTX,5.41
APVO,1.28
APWC,0.16
APXI,0.11
APYX,15.59
AQB,2.41
AQMS,5.77
AQST,3.58
AQU,0.06
AQUA,5.46
AR,7.17
ARAV,12.74
ARAY,5.06
ARBB,0.42
ARBE,1.27
ARBG,0.15
ARC,0.25
ARCB,5.64
ARCC,3.44
ARCE,6.1
ARCH,8.78
ARCO,0.38
ARCT,12.29
ARDS,2.32
ARDX,9.37
ARE,2.14
AREB,1.58
AREC,5.39
AREN,2.91
ARES,3.61
ARGO,9.6
ARHS,23.08
ARI,4.46
ARIS,5.53
ARIZ,0.01
ARKO,4.38
ARKR,0.85
ARL,1.12
ARLO,3.38
ARLP,3.79
ARMK,5.94
ARMP,0.3
ARNC,2.11
AROC,2.96
AROW,0.6
ARQQ,1.95
ARQT,30.23
ARR,9.63
ARRW,0.01
ARRY,11.33
ARTE,0.03
ARTL,2.8
ARTNA,1.14
ARTW,1.09
ARVL,0.22
ARVN,9.68
ARW,2.28
ARWR,4.74
ARYD,3.93
ARYE,0.09
ASAN,13.59
ASB,3.81
ASC,5.1
ASCB,0.04
ASGN,1.89
ASH,1.14
ASIX,1.62
ASLE,4.06
ASM,0.36
ASMB,0.62
ASNS,0.8
ASO,14.71
ASPA,0.03
ASPI,0.11
ASPN,5.43
ASPS,7.82
ASRT,18.12
ASRV,0.07
ASST,1.02
ASTC,1.73
ASTE,1.22
ASTI,11.3
ASTL,6.66
ASTR,12.83
ASTS,24.37
ASUR,2.66
ASXC,5.19
ASYS,0.41
ATAI,3.32
ATAK,0.06
ATAQ,0.1
ATEC,9.41
ATEK,0.02
ATEN,2.83
ATER,12.58
ATEX,5.34
ATGE,2.88
ATHA,6.8
ATHX,5.12
ATI,7.72
ATIF,1.7
ATIP,7.75
ATKR,8.34
ATLC,10.05
ATLO,1.08
ATLX,5.3
ATMC,0.01
ATNF,6.28
ATNI,1.28
ATNM,7.3
ATNX,5.58
ATO,4.55
ATOM,19.4
ATOS,6.58
ATR,0.77
ATRA,20.25
ATRC,3.7
ATRI,2.85
ATRO,1.75
ATSG,2.26
ATTO,0.03
ATUS,17.37
ATVI,2.59
ATXG,0.2
ATXI,4.78
ATXS,2.24
AUB,6.9
AUBN,0.11
AUD,8.64
AUDC,0.37
AUGX,0.06
AUID,0.71
AULT,5.62
AUMN,1.21
AUPH,13.01
AUR,3
AURA,4.76
AURC,0.07
AUST,1.36
AUUD,1.2
AUVI,1.31
AVA,3.56
AVAC,0.02
AVAH,2.43
AVAV,5.13
AVB,1.03
AVD,0.86
AVDX,3.49
AVGO,1.32
AVGR,0.56
AVHI,0.01
AVID,4.39
AVIR,2.51
AVNS,1.92
AVNT,1.7
AVNW,3.04
AVO,1.59
AVPT,4.51
AVRO,2.39
AVT,2.5
AVTA,2.83
AVTE,3.84
AVTR,2.3
AVTX,0.42
AVXL,20.19
AVY,1.94
AWH,1.5
AWI,2.22
AWIN,0.84
AWK,1.04
AWR,1.83
AWRE,0.44
AWX,0.82
AX,6.65
AXAC,0.01
AXDX,6.7
AXGN,2.84
AXL,3.07
AXLA,2.82
AXNX,8.41
AXON,3.13
AXP,0.77
AXR,0.66
AXS,0.72
AXSM,22.09
AXTA,4.21
AXTI,2.66
AY,3.72
AYI,5.22
AYRO,7.59
AYTU,14.76
AYX,6.03
AZ,0.44
AZEK,5.68
AZO,1.61
AZPN,3.63
AZRE,1.52
AZTA,12.06
AZYO,1.34
AZZ,1.07
B,1.12
BA,1.38
BAC,1.16
BACA,0.05
BACK,4.31
BAER,0.15
BAFN,0.34
BAH,1.29
BALL,5.83
BALY,5.05
BAM,0.94
BANC,2.42
BAND,7.35
BANF,2.52
BANL,2.48
BANR,1.83
BANX,0.31
BAOS,4.45
BAP,1.49
BARK,7.23
BASE,2.18
BATL,0.61
BATRA,8.98
BAX,1.45
BB,3.2
BBAI,21.94
BBBY,22.32
BBCP,2.23
BBDC,0.81
BBGI,0.12
BBIG,15.74
BBIO,12.54
BBLG,1.04
BBLN,2.34
BBSI,1.42
BBU,0.04
BBUC,0.34
BBW,12.82
BBWI,3.92
BBY,5.37
BC,4.22
BCAB,7.8
BCAN,0.45
BCBP,2.07
BCC,2.2
BCDA,0.15
BCE,1.5
BCEL,8.06
BCLI,10.44
BCML,0.78
BCO,3.82
BCOV,1.08
BCOW,0.28
BCPC,0.85
BCRX,16.67
BCSA,0.03
BCSF,0.67
BCTX,12.21
BDC,2.64
BDL,0.36
BDN,7.96
BDSX,1.45
BDTX,5.63
BDX,0.75
BE,10.31
BEAM,17.57
BEAT,2.33
BECN,3.81
BEEM,15.63
BELFA,1.07
BEN,5.33
BEP,0.31
BEPC,2.43
BERY,1.37
BF.B,2.96
BFAC,0.01
BFAM,1.62
BFC,3.15
BFH,8.85
BFI,3.24
BFIN,0.12
BFLY,15.84
BFRG,24.52
BFRI,1.86
BFS,1
BFST,1.34
BG,3.72
BGCP,2.39
BGFV,23.04
BGI,0.13
BGRY,1.66
BGS,14.74
BGSF,0.34
BGXX,5.74
BH.A,0.14
BHAC,0.05
BHAT,2.82
BHB,0.78
BHC,7.75
BHE,1.93
BHF,2.05
BHG,2.7
BHIL,4.03
BHLB,4.1
BHM,3.93
BHR,3.06
BHVN,12.06
BIAF,1.38
BIG,35.19
BIGC,8.86
BILL,9.11
BIMI,15.16
BIO,1.31
BIOC,1.27
BIOL,1.15
BIOR,3.87
BIOS,0.05
BIOX,1.25
BIP,0.59
BIPC,3.57
BIRD,8.99
BITE,0.02
BITF,4.02
BIVI,2.9
BJ,2.72
BJDX,0.48
BJRI,5.31
BK,0.7
BKCC,0.68
BKD,7.09
BKE,11.45
BKH,1.95
BKI,3.78
BKKT,17.72
BKNG,1.9
BKR,1.41
BKSC,0.34
BKSY,5.31
BKTI,0.74
BKU,7.85
BKYI,0.41
BL,8.37
BLAC,0.01
BLBD,2.57
BLBX,2.53
BLCM,1.07
BLCO,17.49
BLD,2.92
BLDE,5.92
BLDP,12.49
BLDR,4.03
BLEU,0.03
BLFS,5.85
BLFY,2.2
BLIN,0.16
BLK,1.45
BLKB,1.36
BLMN,12.73
BLND,5.13
BLNG,0.02
BLNK,26.91
BLPH,4.82
BLU,10.82
BLUA,0.22
BLUE,22.56
BLX,0.59
BLZE,1.29
BMAC,0.08
BMBL,4.82
BMEA,18.71
BMI,3.55
BMO,1.61
BMR,0.33
BMRA,2.58
BMRC,4.37
BMRN,3.45
BMTX,9.42
BMY,0.85
BN,0.71
BNED,1.45
BNGO,20.94
BNL,1.42
BNMV,0.93
BNNR,0.06
BNRE,0.42
BNRG,3.29
BNS,2.38
BNSO,0.68
BNTC,15.59
BOAC,0.83
BOC,2.88
BOCN,0.02
BODY,7.67
BOH,12.14
BOKF,2.84
BOLT,4.23
BON,0.52
BOOM,2.74
BOOT,9.82
BORR,5.53
BOSC,0.22
BOTJ,0.2
BOWL,10.33
BOX,5.4
BOXL,0.21
BPMC,7.25
BPOP,3.35
BPRN,2.52
BPT,9.06
BPTH,1.05
BR,2.08
BRAC,0.01
BRAG,0.79
BRBR,2.81
BRBS,1.01
BRC,1.63
BRCC,21.45
BRD,0.04
BRDG,1.9
BRDS,11.58
BREA,0.1
BREZ,0.32
BRFH,0.61
BRID,0.32
BRIV,0.01
BRK.A,0.35
BRKH,0.27
BRKL,2.62
BRKR,3.99
BRLI,0.31
BRLT,2.78
BRMK,2.36
BRN,0.4
BRO,1.04
BROG,0.02
BROS,21.59
BRP,4.5
BRQS,3.47
BRSH,1.28
BRSP,2.26
BRT,0.95
BRTX,2.5
BRX,1.6
BRY,3.9
BRZE,6.15
BSBK,0.4
BSET,0.95
BSFC,2.91
BSGM,3.74
BSIG,1.89
BSM,1.14
BSQR,0.04
BSRR,0.59
BSVN,0.47
BSX,1.08
BSY,2.51
BTAI,18.68
BTB,4.08
BTBD,0.13
BTBT,12.09
BTCS,0.41
BTCY,0.97
BTDR,0.11
BTE,5.8
BTG,1.55
BTMD,0.35
BTOG,0.18
BTTR,1.28
BTTX,6.58
BTU,11.93
BTWN,0.35
BUR,1.12
BURL,5.19
BURU,4.27
BUSE,1.01
BV,3.24
BVH,5.13
BVS,6.03
BW,3.3
BWA,2.82
BWAC,0.1
BWAQ,0.01
BWB,1.73
BWC,0.06
BWEN,3.29
BWFG,1.97
BWMN,0.63
BWMX,0.31
BWV,3.37
BWXT,2.42
BX,3.4
BXC,4.68
BXMT,10.94
BXP,5.04
BXRX,5.02
BXSL,0.52
BY,4.67
BYD,6.23
BYFC,0.16
BYN,4.56
BYND,34.1
BYNO,0.02
BYRN,4.25
BYSI,7.78
BYTS,4.57
BZFD,6.27
BZH,3.23
C,1.56
CAAP,4.64
CAAS,1.6
CABA,14.67
CABO,6.46
CAC,3.27
CACC,14.2
CACI,2.58
CACO,0.18
CADE,4.96
CADL,0.27
CAE,0.83
CAG,2.46
CAH,2.17
CAKE,18.17
CAL,6.1
CALB,0.26
CALM,17.75
CALX,3.1
CAMP,2.51
CAMT,2.21
CANO,13.13
CAPL,0.35
CAPR,1.08
CAR,7.89
CARA,10.47
CARE,0.64
CARG,11.35
CARM,1.2
CARR,1.51
CARS,3.07
CARV,0.71
CASA,4.04
CASH,8.73
CASI,3.23
CASS,1.51
CASY,2.77
CAT,1.4
CATC,1.5
CATO,7.63
CATX,0.91
CATY,1.67
CB,0.48
CBAN,0.78
CBAT,1.9
CBAY,11.47
CBFV,0.13
CBIO,0.93
CBL,5.03
CBNK,0.77
CBOE,2.55
CBRE,2.55
CBRL,12.27
CBSH,2.02
CBT,1.51
CBU,3.42
CBZ,0.68
CC,2.85
CCAI,1.2
CCAP,0.4
CCB,3.58
CCBG,1.13
CCCC,6.53
CCCS,2.74
CCD,2.52
CCEL,0.12
CCEP,0.99
CCF,0.75
CCI,1
CCJ,3.59
CCK,2.54
CCL,12.92
CCLD,0.14
CCLP,0.11
CCNE,0.75
CCO,9.1
CCOI,3.91
CCRD,5.1
CCRN,18.19
CCS,6.06
CCSI,3.5
CCTS,0.02
CCV,0.1
CCVI,0.06
CDAY,6.88
CDE,3.59
CDIO,2.25
CDLX,17.38
CDMO,8.46
CDNA,9.94
CDNS,1.23
CDRE,3.89
CDRO,1.38
CDTX,3.84
CDW,1.12
CDXC,3.71
CDXS,6.82
CDZI,2.81
CE,3.73
CEAD,1.52
CECO,1.45
CEG,1.89
CEI,9.86
CEIX,7.71
CELC,3.6
CELH,21.54
CELL,4
CELU,6.35
CELZ,9.71
CENN,7.46
CENT,2.9
CENX,12.16
CEQP,6.11
CERE,8.57
CERS,4.63
CERT,6.11
CETX,2.73
CETY,1.87
CEVA,1.87
CF,2.38
CFB,2.75
CFBK,0.3
CFFE,0.01
CFFI,0.3
CFFN,5.19
CFFS,0.01
CFG,3.79
CFIV,0.19
CFLT,8.63
CFMS,2.48
CFR,3.42
CFRX,1.29
CFSB,0.14
CG,7
CGA,0.62
CGAU,0.79
CGBD,0.86
CGC,11.83
CGEM,6.43
CGEN,2.34
CGNT,1.21
CGNX,2.28
CGO,0.06
CGRN,2.68
CGTX,0.33
CHAA,0.01
CHCI,0.04
CHCO,7.08
CHCT,2.15
CHD,1.65
CHDN,2.85
CHE,2.68
CHEF,8.7
CHEK,0.29
CHGG,10.28
CHH,8.46
CHI,0.09
CHK,6.26
CHKP,3.8
CHMG,0.14
CHMI,7.31
CHNR,0.25
CHPT,21.15
CHRD,6.48
CHRS,14.46
CHRW,12.53
CHS,9.16
CHSN,1.76
CHTR,7.32
CHUY,5.05
CHW,0.01
CHWY,23.42
CHX,3.81
CHY,0.02
CI,0.96
CIA,5.3
CIDM,2.7
CIEN,2.87
CIFR,19.38
CIGI,1.6
CIIG,0.05
CIM,3.93
CINF,1.75
CING,3.62
CINT,0.54
CIO,1.46
CION,0.31
CIR,1.26
CISO,5.21
CIVB,0.96
CIVI,7.02
CIX,1.53
CIZN,2.62
CJJD,1.85
CKPT,4.4
CKX,0.17
CL,1.28
CLAR,15.58
CLAY,0.04
CLB,9.09
CLBK,11.11
CLBR,0.13
CLBT,5.84
CLCO,0.01
CLDT,1.16
CLDX,11.01
CLEU,1.71
CLF,5.93
CLFD,16.52
CLGN,0.81
CLH,0.98
CLIR,1.13
CLMB,0.15
CLMT,0.85
CLNE,6.49
CLNN,6.77
CLOE,0.13
CLOV,10.65
CLPR,0.68
CLPS,0.03
CLPT,3.42
CLRB,0.81
CLRO,1.87
CLS,1.52
CLSD,0.48
CLSK,10.69
CLST,0.24
CLVR,1
CLVT,6.78
CLW,1.3
CLWT,0.13
CLX,4.22
CLXT,1.5
CM,1.51
CMA,7.49
CMAX,9.47
CMBM,2.32
CMC,2.09
CMCA,0.01
CMCL,1.27
CMCO,1.11
CMCSA,0.95
CMCT,1.11
CME,1.24
CMG,2.58
CMI,1.65
CMLS,5.19
CMND,13.75
CMP,2.91
CMPO,18.71
CMPR,4.52
CMPX,2.03
CMRA,0.43
CMRE,3.74
CMRX,5.01
CMS,2.52
CMT,0.48
CMTG,1.55
CMTL,1.1
CNA,0.1
CNC,1.46
CNDA,0.04
CNDT,1.31
CNET,0.88
CNEY,0.95
CNFR,0.3
CNGL,4.32
CNHI,1.21
CNI,0.96
CNK,25.49
CNM,12.41
CNMD,13.63
CNNE,2.13
CNO,3.06
CNOB,1.31
CNP,1.37
CNQ,1.64
CNS,5.67
CNSL,3.55
CNSP,2.78
CNTG,0.05
CNTX,0.75
CNTY,1.76
CNVAF,0.03
CNX,16.52
CNXA,2.64
CNXC,2.38
CNXN,1.45
CO,2.09
COCO,4.29
COCP,1.19
CODA,3.99
CODI,1.36
CODX,2.8
COEP,2.35
COF,2.04
COFS,0.6
COGT,8.46
COHN,0.28
COHR,4
COHU,2.44
COIN,20.26
COKE,1.56
COLB,2.75
COLD,1.13
COLL,18.07
COLM,2.8
COMM,6.06
COMP,4.43
COMS,4.16
CONN,16.07
CONX,0.17
COO,2.78
COOK,8.08
COOL,0.1
COOP,4.48
COP,1
CORR,1.54
CORT,19.95
COSM,5.93
COST,0.85
COTY,5.27
COUR,2.94
COYA,0.13
CP,1.66
CPA,6.6
CPAA,0.04
CPB,6.58
CPE,15.74
CPF,2.72
CPG,1.57
CPHC,0.15
CPHI,0.9
CPIX,0.3
CPK,1.15
CPLP,0.27
CPNG,1.19
CPOP,0.94
CPRI,2.99
CPRT,1.05
CPRX,11.03
CPS,6.48
CPSH,0.63
CPSI,1.68
CPSS,16.66
CPT,1.68
CPTK,0.03
CPTN,4.1
CPUH,0.19
CPZ,0.02
CQP,1.01
CR,0.96
CRAI,2.93
CRBG,4.33
CRBP,7.07
CRBU,10.3
CRC,4
CRCT,11.68
CRD.B,0.29
CRDF,1.53
CRDL,0.26
CRDO,7.2
CREC,0.02
CREG,0.17
CREX,1.23
CRGE,4.3
CRGO,0.55
CRGY,17.96
CRI,7.48
CRIS,2.58
CRK,15.15
CRKN,0.45
CRL,2.74
CRM,0.94
CRMD,4.67
CRMT,15.49
CRNC,8.31
CRNT,0.61
CRNX,8.89
CRON,4.47
CROX,8.13
CRS,3.05
CRSP,16.71
CRSR,7.51
CRT,0.56
CRUS,2.51
CRVL,2.69
CRVS,0.63
CRWD,3.64
CRWS,0.21
CSBR,0.62
CSCO,1.18
CSGP,1.32
CSGS,1.66
CSIQ,7.69
CSL,1.59
CSLM,0.02
CSPI,0.25
CSQ,0.14
CSR,1.76
CSSE,8.3
CSTA,0.03
CSTE,3.37
CSTL,3.84
CSTM,1.45
CSTR,1.3
CSV,3.02
CSWC,1.68
CSWI,0.65
CSX,0.97
CTAS,1.42
CTBI,0.88
CTG,0.35
CTGO,0.09
CTHR,0.76
CTIB,0.43
CTIC,12.99
CTKB,6.13
CTLP,1.28
CTLT,3.35
CTM,0.62
CTMX,3.47
CTO,5.16
CTOS,2.13
CTRA,5.51
CTRE,4.45
CTRM,1.94
CTRN,10.94
CTS,2.56
CTSH,1.68
CTSO,1.47
CTV,1.33
CTVA,0.8
CTXR,9.52
CUBA,0.11
CUBE,5.34
CUBI,9.1
CUE,1.64
CUEN,5.59
CULL,0.06
CULP,0.13
CURI,4.22
CURO,6.75
CURV,18.19
CUTR,23.1
CUZ,4.44
CVAC,3.34
CVBF,6.69
CVCO,3.42
CVCY,0.41
CVE,3.75
CVEO,3.7
CVGI,1.48
CVGW,3.97
CVI,2.95
CVII,0.02
CVKD,1.78
CVLG,5.62
CVLT,1.49
CVLY,0.19
CVM,13.29
CVNA,51.06
CVR,0.32
CVRX,3.1
CVS,1
CVT,10.23
CVU,0.32
CVV,1.33
CVX,0.86
CW,1.03
CWAN,14.28
CWBC,0.18
CWBR,1.98
CWCO,0.68
CWEN.A,3.55
CWH,19.23
CWK,11
CWST,2.76
CWT,1.19
CXAC,0.08
CXAI,3.79
CXDO,0.21
CXM,3.72
CXT,4.12
CXW,1.86
CYAN,0.53
CYBN,1.94
CYBR,4.73
CYCC,4.16
CYCN,0.59
CYD,0.13
CYH,8.81
CYN,0.83
CYRX,8.15
CYT,0.79
CYTH,0.62
CYTK,10.29
CYTO,110.21
CYXT,4.54
CZFS,2.31
CZNC,0.92
CZOO,2.77
CZR,3.13
CZWI,0.06
D,0.87
DAC,6.2
DAIO,0.05
DAKT,1.71
DAL,3.98
DALN,1.98
DALS,0.09
DAN,3.12
DAR,2.64
DARE,0.72
DASH,5.41
DATS,0.11
DAVE,5.67
DAWN,15.39
DB,1.39
DBD,22.01
DBGI,1.93
DBI,15.11
DBRG,5.12
DBTX,0.78
DBVT,0.98
DBX,5.44
DC,1.82
DCBO,0.37
DCFC,5.98
DCGO,11.23
DCI,0.86
DCO,0.93
DCOM,4.33
DCP,4.38
DCPH,6.38
DCTH,3.82
DD,2.35
DDD,8.36
DDOG,4.35
DDS,15.85
DE,0.95
DEA,6.84
DECA,0.02
DECK,2.17
DEI,8.37
DELL,3.17
DEN,11.06
DENN,3.03
DERM,0.46
DESP,1.82
DFFN,0.16
DFH,19.71
DFIN,2.88
DFLI,1.62
DFS,1.79
DG,2.15
DGHI,1.34
DGICA,0.85
DGII,5.04
DGLY,7.96
DGX,3.72
DH,13.4
DHAC,0.74
DHCA,0.04
DHI,3.75
DHIL,1.13
DHR,0.69
DHT,3.37
DHX,1.71
DIBS,3.32
DICE,18.53
DIN,9.21
DINO,5.72
DIOD,2.46
DIS,1.05
DISA,0.89
DISH,19.04
DIST,0.18
DIT,0.5
DJCO,1.08
DK,11.92
DKDCA,0.25
DKL,5.18
DKNG,6.89
DKS,13.43
DLA,0.64
DLB,1.5
DLHC,0.38
DLNG,0.02
DLO,10.94
DLPN,0.08
DLR,5.34
DLTH,5.37
DLTR,2.87
DLX,3.78
DM,25.72
DMAC,0.6
DMAQ,0.06
DMLP,0.71
DMRC,19.95
DMS,1.91
DMTK,10.71
DNA,14.18
DNAB,0.03
DNAD,0.28
DNB,4.11
DNLI,7.63
DNMR,16.93
DNN,4.38
DNOW,1.2
DNUT,14.63
DO,3.84
DOC,4.25
DOCN,25.96
DOCS,8.78
DOCU,4.91
DOGZ,0.04
DOLE,3
DOMA,6.3
DOMH,0.59
DOMO,4.82
DOOO,6.14
DOOR,2.63
DORM,1.38
DOUG,2.48
DOV,1.21
DOW,1.46
DOX,1.3
DPCS,0.03
DPRO,2.09
DPSI,0.16
DPZ,3.45
DRCT,3
DRH,4.51
DRI,4.69
DRIO,8.18
DRMA,2.98
DRQ,5.04
DRRX,1.41
DRS,5.91
DRTS,0.34
DRTT,0.65
DRUG,3.43
DRVN,5.37
DSAQ,0.03
DSEY,10.02
DSGN,15.26
DSGR,0.32
DSGX,0.55
DSKE,2.8
DSP,4.73
DSS,0.32
DSX,2.07
DT,4.36
DTC,21.75
DTE,0.92
DTIL,1.3
DTM,2.55
DTOC,0.09
DTSS,0.34
DTST,2.06
DUET,0.03
DUK,1.13
DUNE,0.25
DUOL,7.9
DUOT,2.61
DV,4.92
DVA,3.45
DVAX,14.1
DVN,2.17
DWAC,8.25
DWSN,0.06
DX,4.01
DXC,3.03
DXCM,3.13
DXLG,5.32
DXPE,3.26
DXR,1.04
DXYN,0.38
DY,6.72
DYAI,2.18
DYN,8.53
DYNT,0.06
DZSI,3.23
EA,1.36
EAC,0.01
EAF,2.42
EAR,10.28
EARN,1.32
EAST,0.95
EAT,13.93
EB,15.73
EBAY,2.79
EBC,1.37
EBET,1.48
EBF,2.43
EBIX,20.37
EBMT,0.16
EBON,4.27
EBS,14.43
EBTC,0.44
ECBK,0.3
ECL,0.64
ECOR,2.12
ECPG,11.11
ECVT,1.35
ECX,0.06
ED,2.58
EDBL,8.48
EDIT,29.03
EDR,4.28
EDRY,0.9
EDSA,5.64
EDTK,0.76
EDTX,1.03
EDUC,0.1
EE,3.87
EEFT,3.44
EEIQ,0.37
EEX,0.23
EFC,5.73
EFHT,0.01
EFOI,1.07
EFSC,1.48
EFSH,3.03
EFTR,0.33
EFX,3.49
EFXT,0.79
EGAN,0.96
EGBN,4.08
EGGF,0.08
EGHT,16.21
EGIO,1.54
EGLE,9.05
EGLX,0.82
EGO,2.65
EGP,1.68
EGRX,6.63
EGY,5.34
EHAB,5.67
EHC,2.19
EHTH,2.96
EIG,1.14
EIGR,6.93
EIX,2.37
EJH,1.55
EKSO,0.35
EL,1.25
ELA,1.9
ELAN,3.88
ELBM,1.76
ELDN,0.12
ELEV,0.61
ELF,3.48
ELMD,0.56
ELME,2.27
ELOX,10.17
ELS,1.68
ELTK,0.36
ELV,0.69
ELVN,3.83
ELYM,0.08
ELYS,3.23
EMAN,3.73
EMBC,6.52
EMBK,5.08
EMCG,0.04
EME,2.5
EMKR,0.6
EML,0.81
EMLD,0.05
EMN,1.65
EMR,0.91
EMX,0.02
ENB,2.06
ENCP,0.04
ENER,0.04
ENFN,4.34
ENG,0.28
ENLC,5.53
ENLT,0.11
ENLV,0.92
ENOB,7.03
ENOV,3.47
ENPH,4.5
ENR,5.05
ENS,2.05
ENSC,4.19
ENSG,4.96
ENSV,3.95
ENTA,3.76
ENTF,0.05
ENTG,3.79
ENTX,0.49
ENV,8.82
ENVA,3.27
ENVB,1.24
ENVX,20.62
ENZ,2.95
EOCW,0.01
EOG,1.64
EOLS,5.98
EOSE,10.65
EP,2.13
EPAC,1.53
EPAM,1.56
EPC,5.59
EPD,0.89
EPIX,0.7
EPM,0.99
EPOW,0.46
EPR,4.67
EPRT,4.14
EPSN,0.61
EQ,2.59
EQBK,1.1
EQC,3.18
EQH,1.48
EQIX,1.73
EQR,1.67
EQRX,3.96
EQS,0.06
EQT,4.92
EQX,4.27
ERAS,10.32
ERES,0.04
ERF,1.72
ERIE,2.62
ERII,4.71
ERNA,3.05
ERO,1.24
ES,1.08
ESAB,1.62
ESAC,0.07
ESCA,0.78
ESE,1.01
ESEA,3.46
ESGR,0.88
ESI,1.38
ESLT,0.29
ESMT,3.18
ESNT,1.18
ESOA,0.03
ESP,0.16
ESPR,17.38
ESQ,3.34
ESRT,8.58
ESS,1.68
ESSA,0.16
ESTA,8.91
ESTC,4.16
ESTE,15.06
ET,1.94
ETAO,0.25
ETD,15.44
ETN,1.19
ETNB,11
ETON,2.48
ETR,1.13
ETRN,3.9
ETSY,13.25
ETWO,6.95
EU,0.41
EUDA,0.6
EURN,1.14
EVA,20.12
EVBG,2.99
EVBN,0.17
EVC,1.68
EVCM,1.06
EVE,0.05
EVER,5.34
EVEX,0.56
EVGN,0.64
EVGO,32.3
EVH,5.22
EVI,4.6
EVLO,2.33
EVLV,2.98
EVOJ,0.09
EVOK,0.34
EVR,3.5
EVRG,1.03
EVRI,2.11
EVTC,0.96
EVTL,2.14
EVTV,0.28
EW,2.1
EWBC,2.48
EWCZ,13.31
EWTX,6.65
EXAS,6.5
EXC,1.34
EXEL,2.14
EXFY,4.4
EXK,3.25
EXLS,2.19
EXP,1.95
EXPD,5.86
EXPE,3.38
EXPI,17.67
EXPO,2.23
EXPR,12.74
EXR,7.74
EXTR,7.62
EYE,7.89
EYEN,0.95
EYPT,11.92
EZFL,0.87
EZGO,0.47
EZPW,17.05
F,4.92
FA,5.08
FACT,0.04
FAF,1.72
FAMI,2.99
FANG,2.98
FARM,2.14
FARO,4.4
FAST,2.35
FAT,3.67
FATE,27.83
FATH,3.08
FATP,0.1
FAZE,2.33
FBIN,3.1
FBIO,1.16
FBIZ,1.57
FBK,1.72
FBMS,2.24
FBNC,3.29
FBP,1.52
FBRT,1.97
FBRX,0.69
FC,1.81
FCAP,0.19
FCBC,1.29
FCCO,0.29
FCEL,17.81
FCF,2.35
FCFS,1.69
FCN,3.88
FCNCA,6
FCPT,5.18
FCUV,13.2
FCX,1.38
FDBC,0.3
FDMT,10.55
FDP,1.41
FDS,1.22
FDUS,0.69
FDX,2.01
FE,0.96
FEAM,8.11
FEIM,0.03
FELE,1.16
FEMY,0.04
FENC,6.1
FERG,0.78
FET,0.61
FEXD,0.01
FF,2.16
FFBC,2.31
FFIC,1.84
FFIE,32.25
FFIN,5.33
FFIV,3.07
FFNW,0.23
FFWM,2.73
FG,0.11
FGBI,2.15
FGEN,5.63
FGF,0.03
FGH,0.07
FGI,1.28
FGMC,0.06
FHB,4.52
FHI,2.4
FHLT,0.01
FHN,5.99
FHTX,6.69
FIAC,0.05
FIBK,3.58
FICO,3
FIGS,12.07
FINW,0.19
FIP,5.29
FIS,1.69
FISI,1.19
FISV,1.55
FITB,1.45
FIVE,8.4
FIVN,5.74
FIX,2.45
FIXX,0.78
FIZZ,6.47
FKWL,0.15
FL,11.1
FLAG,0.03
FLEX,1.75
FLGC,1.18
FLGT,3.68
FLIC,0.83
FLL,2.28
FLME,0.1
FLNC,8.82
FLNG,5.74
FLNT,0.73
FLO,3.96
FLR,11.65
FLS,2.66
FLT,2.45
FLUX,3.59
FLWS,5.31
FLXS,0.46
FLYW,2.77
FMAO,2.21
FMBH,1.95
FMC,1.03
FMIV,0.02
FMNB,1.76
FN,1.44
FNA,2.39
FNB,2.81
FNCB,0.17
FNCH,0.53
FND,10.9
FNF,1.29
FNGR,1.21
FNKO,8.55
FNLC,0.62
FNV,1.93
FNVT,0.03
FNWB,0.36
FNWD,0.17
FOA,3.4
FOCS,2.96
FOLD,8.34
FONR,0.25
FOR,2.28
FORA,2.07
FORD,1.64
FORG,11.36
FORM,4.38
FORR,1.19
FOSL,2.63
FOUR,17.05
FOXA,7.73
FOXF,5.57
FOXO,1.97
FPAY,0.46
FPH,0.55
FPI,3.46
FR,2.46
FRAF,0.27
FRBA,3.54
FRBK,21.26
FRBN,0.04
FRC,30.3
FRD,0.04
FREE,10
FREQ,2.73
FREY,8.03
FRG,17.64
FRGE,1.5
FRGI,0.39
FRGT,13.01
FRHC,3.49
FRME,0.95
FRO,5.77
FROG,1.79
FRPH,0.65
FRPT,14.23
FRSH,5.33
FRST,0.91
FRT,2.48
FRTX,0.42
FRXB,0.11
FRZA,3.19
FSBC,0.99
FSBW,0.48
FSEA,0.31
FSFG,0.15
FSI,0.5
FSK,2.18
FSLR,4.09
FSLY,12.06
FSM,1.45
FSNB,0.1
FSP,3.99
FSR,36.93
FSRX,0.06
FSS,1.62
FSTR,0.25
FSV,1.46
FTAI,6.81
FTCH,10.78
FTCI,10.21
FTDR,5.16
FTEK,2.25
FTFT,3.35
FTHM,4.45
FTI,2.82
FTII,0.04
FTK,3.22
FTNT,1.88
FTV,1.36
FUBO,21.59
FUL,1.86
FULC,8.71
FULT,3.7
FUN,7.8
FUNC,0.08
FUND,0.63
FURY,0.19
FUSB,0.11
FUSN,0.61
FUV,6.64
FVCB,0.91
FVRR,9.11
FWAC,0.03
FWBI,4.6
FWONA,1.97
FWRD,2.01
FWRG,7.26
FXLV,11.83
FXNC,0.12
FYBR,9.63
FZT,0.08
G,0.52
GABC,2.01
GAIA,0.4
GAIN,4.94
GALT,5
GAMB,0.77
GAMC,0.01
GAME,1.23
GAN,1.52
GANX,0.72
GASS,0.04
GATE,0.27
GATO,1.77
GATX,4.74
GAU,0.11
GB,0.41
GBCI,4.52
GBDC,3.06
GBIO,4.04
GBLI,0.05
GBNH,0.7
GBNY,0.04
GBR,0.73
GBTG,1.23
GBX,5.19
GCBC,1.22
GCI,10.41
GCMG,4.7
GCO,4.11
GCT,2.17
GCTK,4.35
GD,1.05
GDC,2.42
GDDY,1.22
GDEN,4.09
GDEV,0.75
GDHG,0.01
GDNR,0.08
GDOT,5.9
GDRX,8.95
GDST,0.02
GDYN,3.03
GE,1.51
GECC,0.11
GEF,4.1
GEG,0.02
GEHC,1.87
GEL,2.26
GEN,2.61
GENC,0.56
GENI,3.59
GEO,19.49
GEOS,0.63
GERN,4.41
GES,20.63
GETR,0.62
GETY,0.33
GEVO,18.16
GFAI,21.71
GFF,2.43
GFGD,0.03
GFL,1.92
GFOR,0.17
GFS,2.06
GFX,0.02
GGAA,0.03
GGE,0.06
GGG,1.72
GGR,1.89
GH,7.15
GHC,1.35
GHIX,0.02
GHL,2.07
GHLD,0.06
GHM,0.52
GHRS,4.05
GHSI,12.93
GIA,0.25
GIB,0.41
GIC,1.82
GIFI,0.34
GIGM,0.3
GIII,9.39
GIL,2.6
GILD,1.22
GILT,0.11
GIPR,0.09
GIS,2.11
GKOS,10.91
GL,1.32
GLAD,0.94
GLBE,4.83
GLBS,4.26
GLBZ,0.07
GLDD,2.38
GLDG,2.22
GLG,0.16
GLLI,0.02
GLMD,0.08
GLNG,1.93
GLOP,0.51
GLP,1.56
GLPI,1.67
GLRE,2.19
GLSI,5.78
GLST,0.76
GLT,3.7
GLTA,0.01
GLTO,0.13
GLUE,5.09
GLW,1.03
GLYC,2.5
GM,1.89
GMBL,3.96
GMDA,8.62
GME,21.79
GMED,7.49
GMFI,0.02
GMGI,0.29
GMRE,2.5
GMS,2.38
GMVD,0.92
GNE,2.11
GNK,4.8
GNL,2.59
GNLN,0.42
GNLX,0.45
GNPX,3.33
GNRC,7.52
GNS,13.18
GNSS,0.49
GNTX,1.5
GNTY,0.69
GNUS,10.24
GNW,2.65
GO,10.94
GOCO,9.11
GOEV,18.51
GOGL,4.08
GOGN,0.02
GOGO,7.39
GOLD,1.13
GOLF,19.41
GOOD,2.56
GOOGL,0.78
GOOS,30.66
GORO,0.58
GOSS,18.93
GOVX,2.8
GP,3.76
GPAC,0.01
GPC,1.78
GPI,16.61
GPK,2.94
GPMT,2.16
GPN,1.21
GPOR,4.89
GPRE,11.62
GPRK,0.82
GPRO,4.55
GPS,16.6
GRAB,3.53
GRBK,3.39
GRC,0.82
GRCY,3.44
GREE,5.29
GRI,0.88
GRIL,4.88
GRIN,2.24
GRMN,2.07
GRNA,4.36
GRND,2.06
GRNQ,1.56
GRNT,0.28
GROM,1.64
GROV,1.6
GROW,0.12
GROY,0.32
GRPH,1.57
GRPN,18.68
GRTS,4.74
GRTX,2.61
GRWG,6.76
GS,1.08
GSAT,4.47
GSBC,2.45
GSBD,1.2
GSD,0.01
GSHD,11.82
GSIT,1.56
GSL,9.01
GSM,1.66
GSMG,0.51
GSRM,0.02
GSUN,6.3
GT,4.58
GTAC,0.07
GTBP,0.64
GTE,0.31
GTEC,0.27
GTES,1.16
GTHX,7.95
GTIM,0.39
GTLB,8.33
GTLS,14.76
GTN,4.11
GTX,8.66
GTY,10.15
GURE,0.04
GVA,10.99
GVP,1.14
GWAV,1.01
GWH,10.72
GWRE,3.39
GWRS,0.66
GWW,2.55
GXO,4.79
GYRO,0.11
H,8.66
HA,12.99
HAE,2.64
HAFC,2.17
HAIA,0.03
HAIN,4.89
HAL,2.93
HALL,0.56
HALO,4.9
HARP,0.96
HAS,6.3
HASI,10.57
HAYN,1.21
HAYW,9.89
HBAN,3.6
HBB,2.03
HBCP,0.97
HBI,16.31
HBIO,0.71
HBM,3.38
HBNC,1.47
HBT,1.55
HCA,0.97
HCAT,3.39
HCC,7.81
HCCI,2.77
HCDI,8.82
HCI,23.21
HCKT,2.89
HCMA,1.24
HCNE,0.03
HCP,5.62
HCSG,6.95
HCTI,6.92
HCVI,0.01
HCWB,0.19
HD,1.39
HDSN,3.04
HE,1.8
HEAR,11.45
HEES,2.85
HEI,4.39
HELE,22.63
HEP,1.96
HEPA,0.85
HES,1.68
HESM,11.02
HEXO,3.43
HFBL,0.17
HFFG,1.33
HFWA,2.96
HGBL,0.07
HGEN,5.4
HGTY,2.56
HGV,6.82
HHC,4.72
HHLA,0.06
HHRS,0.89
HHS,0.29
HI,1.6
HIBB,12.57
HIFS,5.02
HIG,0.96
HIHO,0.02
HII,2.2
HILS,10.18
HIMS,13.49
HIPO,5.68
HITI,2.07
HIVE,7.28
HIW,3.29
HL,3.9
HLF,13.11
HLGN,6.21
HLI,3.09
HLIO,0.76
HLIT,7.75
HLLY,6.84
HLMN,3.97
HLNE,4.28
HLP,0.05
HLT,1.65
HLTH,2.08
HLVX,1.51
HLX,5.94
HMA,0.01
HMN,2.18
HMNF,0.13
HMPT,1.43
HMST,2.72
HNI,4.35
HNNA,2.6
HNRA,0.02
HNRG,3.49
HNST,5
HNVR,0.59
HOFT,1.47
HOFV,10.03
HOG,5.38
HOLI,0.75
HOLO,2.74
HOLX,2.73
HOMB,4.13
HON,0.92
HONE,1.65
HOOD,5.07
HOOK,0.27
HOPE,2.79
HOTH,1.5
HOUR,2.49
HOUS,10.34
HOV,3.16
HOWL,0.24
HP,5.84
HPCO,3.32
HPE,2.32
HPK,12.22
HPLT,0.7
HPP,11.27
HPQ,2.32
HQI,0.85
HQY,3.91
HR,3.18
HRB,10.33
HRI,3.63
HRL,4.4
HRMY,32.3
HROW,8.03
HRT,6.44
HRTG,0.71
HRTX,19.54
HRZN,3.3
HSAI,0.19
HSC,3.28
HSCS,0.67
HSDT,0.58
HSHP,0.15
HSIC,3.67
HSII,1.33
HSKA,6.28
HSON,0.45
HST,4.98
HSTM,1.65
HSTO,0.44
HSY,2.46
HT,2.51
HTBI,0.98
HTBK,0.99
HTCR,11.24
HTGC,7.15
HTGM,2.81
HTH,3.85
HTLD,2.38
HTLF,1.13
HTOO,3.87
HTZ,6.66
HUBB,1.39
HUBC,1.09
HUBG,1.56
HUBS,3.07
HUDI,7.65
HUGE,1.42
HUM,1.35
HUMA,9.61
HUN,2.49
HURC,0.17
HURN,1.07
HUSA,5.72
HUT,6.92
HVBC,1.16
HVT,14.75
HWBK,0.58
HWC,3.05
HWEL,0.02
HWKN,1.07
HWKZ,0.01
HWM,1.11
HXL,4.97
HY,2.31
HYFM,9.05
HYLN,10.36
HYMC,8.13
HYPR,4.19
HYZN,23.22
HZNP,1.75
HZO,14.38
IAC,2.15
IAG,1.22
IART,4.47
IAS,2.6
IAUX,3.09
IBCP,0.96
IBEX,0.67
IBIO,8.06
IBKR,1.51
IBM,2.72
IBOC,2.24
IBP,5.6
IBRX,22.45
IBTX,2.79
ICAD,1.2
ICCC,0.12
ICCH,0.24
ICCM,1.19
ICD,3.96
ICE,0.89
ICFI,2
ICHR,4.78
ICL,0.32
ICLR,1.17
ICMB,0.04
ICNC,0.04
ICPT,9.48
ICU,7.7
ICUI,6.09
ICVX,5.63
ID,0.74
IDA,1.7
IDAI,7.13
IDCC,10.68
IDEX,9.45
IDN,0.12
IDR,0.45
IDT,1.89
IDW,0.31
IDXX,2.28
IDYA,9.08
IE,2.06
IEP,0.25
IESC,0.25
IEX,1.32
IFBD,0.1
IFF,1.52
IFIN,0.01
IFRX,4.03
IFS,0.11
IGC,2.13
IGIC,2.28
IGMS,21.83
IGT,2.39
IGTA,0.19
IHRT,5.44
IHS,0.55
IHT,0.38
III,1.22
IIIN,2.49
IIIV,4.07
IINN,0.2
IIPR,9.9
IKNA,1.29
IKT,1.21
ILLM,0.34
ILMN,2.92
IMAQ,0.12
IMAX,7.7
IMBI,1.23
IMCC,0.5
IMGN,10.89
IMKTA,2.29
IMMR,1.86
IMMX,2.28
IMNM,1.85
IMNN,0.54
IMO,3.27
IMPL,2.35
IMPP,6.6
IMRX,4.77
IMTE,0.77
IMTX,5.11
IMUX,11.86
IMV,0.42
IMVT,8.76
IMXI,1.56
INAB,0.79
INAQ,0.06
INBK,1.47
INBS,1.98
INBX,19
INCR,0.18
INCY,4.13
INDB,2.51
INDI,10.97
INDO,5.66
INDP,0.41
INDT,10.91
INFA,2.09
INFI,0.67
INFN,17.74
INFU,0.43
INGN,5.1
INGR,1.35
INKT,1.07
INLX,0.14
INM,3.8
INMB,9
INMD,9.73
INN,3.42
INNV,3.51
INO,15.33
INOD,1.59
INPX,1.97
INSE,1.01
INSG,7.63
INSM,7.35
INSP,4.85
INST,13.25
INSW,4.47
INT,2.23
INTA,1.98
INTC,1.67
INTE,0.01
INTG,0.01
INTR,0.27
INTT,3.31
INTU,1.42
INTZ,1.68
INUV,0.34
INVA,13.05
INVE,3.58
INVH,2.81
INVO,0.31
INVZ,6.95
INZY,3.27
IOAC,0.02
IOBT,1.43
IONM,3.25
IONQ,12.74
IONS,4.87
IOR,0.03
IOSP,0.88
IOT,8.79
IOVA,10.89
IP,2.76
IPA,0.33
IPAR,1.7
IPDN,5.86
IPG,3
IPGP,2.65
IPI,5.56
IPSC,4.08
IPVF,1.4
IPW,1.11
IPWR,0.76
IQV,1
IR,1.61
IRBT,15.73
IRDM,3.53
IREN,2.91
IRIX,0.56
IRM,4.81
IRMD,1.23
IRNT,10.02
IRON,2.06
IROQ,0.12
IRT,2.6
IRTC,7.53
IRWD,13.3
ISDR,0.15
ISEE,8.83
ISIG,2.19
ISPC,0.82
ISPO,2.97
ISPR,2.89
ISRG,0.69
ISSC,0.1
ISTR,0.46
ISUN,11.61
IT,2.03
ITAQ,0.05
ITCI,3.48
ITGR,6.71
ITI,0.27
ITIC,0.37
ITOS,4.84
ITP,1.19
ITRG,0.06
ITRI,3.2
ITRM,0.83
ITRN,0.25
ITT,0.95
ITW,2.02
IVAC,0.88
IVCA,0.03
IVCB,0.03
IVCP,0.03
IVDA,3.21
IVR,9.06
IVT,2.12
IVVD,3.79
IVZ,3.04
IXAQ,0.05
IZEA,0.42
IZM,0.27
J,1.32
JACK,8.19
JAGX,8.33
JAKK,1.95
JAMF,7.48
JAN,2
JANX,6.65
JAQC,0.01
JAZZ,3.75
JBGS,6.99
JBHT,3.52
JBI,2.9
JBL,2.01
JBLU,6.03
JBSS,2.76
JBT,2.74
JCI,1.16
JCSE,0.73
JCTCF,0.01
JEF,0.95
JELD,2.55
JEWL,1.25
JFBR,18.08
JHG,1.73
JILL,9.17
JJSF,6.53
JKHY,4.86
JLL,3.6
JMSB,1.17
JNCE,4.58
JNJ,0.54
JNPR,2.44
JOAN,24.73
JOB,0.28
JOBY,9.3
JOE,2.46
JOUT,2.24
JPM,0.59
JRSH,0.21
JRVR,2.15
JSPR,3.92
JUGG,0.05
JUN,0.01
JUPW,1.32
JVA,0.28
JWAC,0.01
JWEL,2.3
JWN,17.2
JWSM,1.12
JXJT,3.04
JXN,2.61
JYNT,6.87
JZXN,1.87
K,3.1
KA,0.21
KACL,0.05
KAI,1.9
KALA,9.41
KALU,3.22
KALV,8.29
KAMN,2.67
KAR,5.48
KARO,0.15
KAVL,2.12
KBAL,0.96
KBH,8.06
KBNT,0.1
KBR,3.68
KCGI,0.78
KD,1.76
KDNY,4.87
KDP,1.31
KE,1.3
KELYA,2.26
KEN,0.26
KEQU,0.26
KERN,1.06
KEX,2.16
KEY,3.13
KEYS,2.44
KFFB,0.14
KFRC,5.79
KFS,2.24
KFY,2.25
KGC,1.5
KHC,2.26
KIDS,7.48
KIM,2.47
KIND,3.48
KINS,0.17
KIQ,0.33
KIRK,10.39
KITT,0.4
KKR,1.41
KLAC,1.47
KLIC,13.22
KLR,5.05
KLTR,0.1
KLXE,6.12
KMB,2.19
KMDA,0.08
KMI,2.25
KMPR,1.91
KMT,5.28
KMX,14.65
KN,3.15
KNDI,2.34
KNOP,1.53
KNSA,8.67
KNSL,4.45
KNSW,0.01
KNTE,5.27
KNTK,7.84
KNW,0.71
KNX,5.4
KO,0.57
KOD,3.63
KODK,6.62
KOP,1.74
KOPN,0.74
KORE,3.6
KOS,4.95
KOSS,1.3
KPLT,3.83
KPRX,4.52
KPTI,16.44
KR,2.13
KRBP,6.88
KRC,4.95
KREF,5.96
KRG,3.57
KRMD,0.31
KRNL,0.04
KRNT,1.12
KRNY,2.85
KRO,13.78
KRON,9.25
KROS,2.35
KRP,2.92
KRT,0.72
KRTX,6.06
KRUS,21.37
KRYS,5.7
KSCP,4.87
KSPN,1.8
KSS,19.14
KTB,7.29
KTCC,0.17
KTOS,1.94
KTRA,1.34
KTTA,0.18
KULR,5.12
KURA,12.1
KVHI,0.39
KVSA,0.05
KW,4.82
KWE,1.73
KWR,9.93
KXIN,0.09
KYCH,0.06
KYMR,18.83
KZR,6.45
L,0.91
LAB,4.11
LABP,1.6
LAC,9.7
LAD,11.29
LADR,2.87
LAKE,0.9
LAMR,2.25
LANC,3.69
LAND,3.12
LANV,0.06
LARK,0.72
LASE,13.47
LASR,2.35
LAUR,3.47
LAW,2.33
LAZ,2.35
LAZR,29.86
LAZY,7.15
LBAI,1.79
LBC,1.19
LBPH,0.09
LBRDA,2.68
LBRT,5.07
LBTYA,3.16
LC,4.3
LCAA,0.07
LCFY,0.84
LCID,8.18
LCII,9.23
LCNB,0.51
LCTX,2.8
LCUT,3.13
LCW,0.01
LDI,4.83
LDOS,1.35
LE,7.12
LEA,2.48
LECO,3.57
LEDS,0.18
LEE,0.31
LEG,4.7
LEGH,2.28
LEN,3.07
LESL,13.72
LEU,2.69
LEV,11.27
LEVI,17.29
LEXX,6.51
LFAC,0.06
LFCR,4.91
LFLY,3.42
LFMD,8.79
LFST,10.11
LFT,0.09
LFUS,1
LFVN,0.28
LGF.A,4.27
LGHL,2.73
LGIH,16.66
LGL,0.03
LGMK,82.73
LGND,4.76
LGO,1.19
LGST,0.09
LGVC,0.03
LGVN,3.12
LH,1.86
LHX,0.92
LIBY,0.1
LICN,2.73
LICY,12.82
LIDR,5.26
LIFE,0.84
LIFW,0.05
LII,4.51
LILA,1.42
LILM,7.11
LIN,0.63
LINC,0.22
LIND,20.15
LINK,0.52
LIPO,1.42
LIQT,2.13
LITE,8.52
LITM,0.95
LITT,0.01
LIVE,0.31
LIVN,3.56
LIXT,0.48
LKCO,5.82
LKFN,6.77
LKQ,1.59
LL,8.81
LLAP,9.46
LLY,0.8
LMAT,3.12
LMB,2.9
LMDX,2.07
LMFA,1.16
LMND,26
LMNL,8.65
LMNR,1.33
LMST,0.17
LMT,0.75
LNC,4.2
LNG,1.38
LNKB,0.4
LNN,3.11
LNSR,0.46
LNT,1.64
LNTH,5.23
LNW,4.17
LNZA,0.11
LOAN,0.17
LOB,3.95
LOCC,0.01
LOCL,10.57
LOCO,5.52
LODE,1.01
LOGI,1.84
LOOP,7.64
LOPE,1.7
LOVE,36.45
LOW,1.41
LPCN,1.29
LPG,3.74
LPLA,1.15
LPRO,4.95
LPSN,8.9
LPTH,0.46
LPTV,0.89
LPTX,11.26
LPX,3.05
LQDA,4.18
LQDT,5.85
LRCX,2.14
LRFC,0.14
LRMR,0.76
LRN,9.24
LSAK,0.31
LSBK,0.15
LSCC,4.17
LSDI,1.21
LSEA,1.01
LSF,0.85
LSI,2.13
LSPD,2.68
LSTA,0.84
LSTR,5.44
LSXMA,5.72
LTBR,1.33
LTC,2.13
LTCH,4.09
LTH,15.39
LTHM,16.42
LTRN,1.73
LTRPA,1.08
LTRX,1.78
LTRY,1.85
LUCD,1.22
LUCY,38
LULU,2.81
LUMN,14.11
LUMO,3.38
LUNA,1.12
LUNG,7.85
LUNR,0.49
LUV,2.28
LUXH,0.81
LVAC,0.1
LVLU,5.73
LVO,4.34
LVOX,5.32
LVRO,0.09
LVS,3.4
LVTX,0.04
LVWR,0.94
LW,2.26
LWAY,3.93
LWLG,18.92
LXFR,0.52
LXP,1.88
LXRX,2.26
LXU,3.57
LYB,3.02
LYEL,10.21
LYFT,16.84
LYRA,0.09
LYT,1.3
LYTS,0.48
LYV,7.41
LZ,8.56
LZB,6.99
M,7.95
MA,0.59
MAA,2.1
MAC,7.65
MACA,0.16
MACK,6.42
MAG,1.93
MAIA,1.38
MAIN,2.98
MAN,2.49
MANH,1.57
MANU,6.14
MAPS,7.07
MAQC,0.08
MAR,1.94
MARA,26.05
MARK,14.07
MARPS,0.07
MAS,2.73
MASI,1.77
MASS,6.71
MAT,3.36
MATH,0.28
MATV,2.09
MATW,1.65
MATX,3.22
MAX,1.24
MAXN,21.09
MAXR,3.65
MAYS,0.57
MBAC,0.13
MBC,3.07
MBCN,1.04
MBI,4.83
MBIN,1.57
MBIO,1.99
MBLY,24.35
MBOT,0.68
MBRX,0.08
MBSC,0.01
MBTC,0.02
MBUU,4.21
MBWM,0.73
MC,3.66
MCAA,0.09
MCAC,0.08
MCAF,0.04
MCAG,0.03
MCB,16.75
MCBC,0.72
MCBS,1.72
MCD,0.9
MCFT,4.23
MCHP,3.78
MCHX,0.22
MCK,1.46
MCLD,0.73
MCO,1.39
MCOM,13.69
MCRB,7.62
MCRI,1.75
MCS,16.71
MCVT,1.15
MCW,15.21
MCY,3.71
MD,4.99
MDB,5.27
MDC,4.96
MDGL,10.52
MDIA,0.03
MDJH,0.51
MDLZ,1.04
MDNA,0.45
MDRR,0.82
MDRX,9.52
MDT,0.62
MDU,0.7
MDV,0.27
MDVL,0.12
MDWD,0.95
MDWT,0.08
MDXG,2.98
ME,8.09
MEC,0.73
MED,14.85
MEDP,9.72
MEDS,1.44
MEG,3.53
MEGL,0.76
MEI,3.8
MEIP,71.24
MELI,2.14
MEOA,1.36
MEOH,1.03
MERC,1.52
MESA,1.46
MET,1.49
META,1.27
METC,4.83
METX,1.59
MFA,2.4
MFC,0.75
MFH,0.76
MFIC,2.24
MFIN,6.2
MG,0.63
MGA,1.57
MGAM,2.37
MGEE,0.6
MGI,16.67
MGIC,0.08
MGLD,1.33
MGM,2.71
MGNI,6.02
MGNX,8.11
MGOL,3.78
MGPI,16.54
MGRC,0.93
MGRX,1.14
MGTA,1.8
MGTX,3.49
MGY,10.2
MGYR,0.07
MHH,1.17
MHK,2.87
MHLD,0.18
MHO,2.72
MHUA,0.33
MICS,14.9
MIDD,7.02
MIGI,0.89
MIMO,0.36
MIND,0.5
MINM,31.4
MIR,4.04
MIRM,8.25
MIRO,2.05
MIST,3.07
MITA,0.03
MITK,5.94
MITQ,1.62
MITT,1.25
MKC,3.35
MKFG,3.05
MKL,0.96
MKSI,3.11
MKTW,2.39
MKTX,3.15
MKUL,1.48
ML,3.57
MLAB,8.92
MLAC,0.27
MLEC,0.22
MLGO,20.15
MLI,9.58
MLKN,5.63
MLM,1.45
MLNK,8.76
MLP,0.32
MLR,0.79
MLSS,0.9
MLTX,5.14
MLVF,0.51
MLYS,2.95
MMAT,10.18
MMC,0.62
MMI,2.63
MMLP,0.45
MMM,2.37
MMMB,0.01
MMP,3.86
MMS,2.16
MMSI,1.16
MMV,2.71
MMYT,3.42
MNDO,0.09
MNDY,7.8
MNK,2.15
MNKD,14.94
MNMD,8.02
MNOV,0.74
MNPR,1.28
MNRO,11.53
MNSB,0.09
MNST,1.44
MNTK,9.86
MNTN,0.08
MNTS,5.04
MNTV,7.45
MNTX,0.05
MO,0.85
MOBQ,3.21
MOBV,0.01
MOD,2.62
MODD,0.47
MODG,6.63
MODN,7.06
MODV,6.82
MOFG,0.69
MOG.A,1.52
MOGO,0.71
MOH,2.58
MOND,0.08
MORF,5.77
MORN,1.03
MOS,3.13
MOTS,3.05
MOV,5.22
MOVE,0.06
MOXC,2.11
MP,8.55
MPAA,7.61
MPB,1.7
MPC,2.61
MPLN,5.68
MPLX,3.61
MPRA,0.08
MPTI,0.39
MPU,0.37
MPW,19.43
MPWR,5.12
MPX,1.33
MQ,5.57
MRAI,0.91
MRAM,0.64
MRBK,0.24
MRC,1.78
MRCC,0.37
MRCY,4.08
MRDB,0.54
MRIN,2.54
MRK,0.84
MRKR,0.22
MRNA,4.79
MRNS,3.87
MRO,3.05
MRSN,6.82
MRTN,2.49
MRTX,17.68
MRUS,7.5
MRVI,4.32
MRVL,1.9
MS,1.44
MSA,0.6
MSB,0.99
MSBI,1.27
MSCI,0.85
MSEX,2.85
MSFT,0.54
MSGM,3.88
MSGS,1.88
MSI,0.77
MSM,2.02
MSN,0.63
MSTR,26.35
MSVB,0.11
MTA,0.92
MTAC,0.14
MTAL,0.02
MTB,3.37
MTC,0.14
MTCH,4.78
MTD,1.54
MTDR,6.53
MTEK,0.16
MTEM,2.61
MTEX,0.1
MTG,4.26
MTH,3.23
MTN,2.75
MTNB,0.52
MTR,1.12
MTRN,1.68
MTRX,0.94
MTRY,0.09
MTSI,5.91
MTTR,6.31
MTVC,0.03
MTW,4.67
MTX,0.81
MTZ,3.85
MU,2.43
MULN,9.52
MUR,4.59
MURF,0.05
MUSA,11.06
MUX,4.41
MVBF,2.14
MVIS,26.58
MVLA,0.95
MVO,0.63
MVST,14.49
MWA,2.36
MWG,0.91
MX,1.25
MXC,2.13
MXCT,2.43
MXL,7.24
MYE,1.15
MYFW,1.21
MYGN,4.68
MYMD,9.35
MYNZ,0.34
MYO,0.79
MYPS,1.05
MYRG,1.48
MYSZ,4.56
NABL,2.49
NAII,0.17
NAK,1.86
NAMS,0.3
NAOV,0.95
NAPA,3.72
NARI,5.78
NAT,3.25
NATH,0.14
NATI,4.34
NATR,1.34
NAUT,0.68
NAVB,1.99
NAVI,6.39
NB,0.76
NBHC,2.9
NBIX,2.65
NBN,0.91
NBR,6.4
NBRV,0.72
NBSE,1.19
NBST,0.16
NBTB,1.77
NBY,5.01
NC,0.67
NCLH,10.73
NCMI,10.27
NCNO,6.39
NCPL,0.37
NCR,4.96
NCRA,1.33
NCSM,0.12
NDAQ,1.69
NDLS,1.61
NDRA,2.44
NDSN,2.37
NE,5.23
NECB,3.1
NEE,0.77
NEGG,11.19
NEM,2.08
NEN,0.01
NEO,5
NEOG,5.97
NEON,2.06
NEOV,0.29
NEP,4.92
NEPH,0.25
NEPT,4.7
NERV,2.05
NET,7.08
NETC,0.03
NETI,4.39
NEU,1.92
NEWP,0.76
NEWR,1.68
NEWT,6.9
NEX,8.64
NEXA,0.32
NEXI,1.68
NEXT,4.63
NFBK,1.27
NFG,3.59
NFGC,0.55
NFLX,1.84
NFNT,0.01
NFTG,1.46
NFYS,0.02
NG,3.1
NGD,0.26
NGL,1.58
NGM,5.87
NGMS,1.74
NGS,0.11
NGVC,1.24
NGVT,2.42
NH,1.23
NHC,3.11
NHI,2.88
NHTC,0.41
NHWK,1.01
NI,1.64
NIC,1.85
NICK,1.42
NINE,13.72
NIR,1.02
NISN,0.03
NJR,3.83
NKE,0.99
NKLA,24.45
NKSH,0.42
NKTR,4.4
NKTX,8.29
NL,1.45
NLS,2.1
NLSP,0.5
NLTX,1.03
NLY,3.67
NM,0.32
NMFC,2.73
NMG,0.75
NMIH,0.8
NMM,0.99
NMRD,0.23
NMRK,2.37
NMTC,2.92
NMTR,3.39
NN,5.69
NNBR,3.54
NNI,1.37
NNN,2.16
NNOX,13.15
NNVC,3.17
NOA,0.76
NOC,0.95
NODK,0.42
NOG,15.46
NOGN,5.3
NOMD,1.15
NOTE,4.36
NOTV,24.68
NOV,3.07
NOVA,24.12
NOVN,1.84
NOVT,4.23
NOVV,0.01
NOW,1.86
NPAB,0.02
NPCE,3.54
NPK,2.43
NPO,2.07
NR,0.96
NRAC,0.26
NRBO,1.27
NRC,1.16
NRDS,9.85
NRDY,6.23
NREF,1.15
NRG,5.86
NRGV,7.19
NRIM,0.9
NRIX,10.67
NRP,0.93
NRSN,2.46
NRT,0.4
NRXP,3.65
NS,1.66
NSA,2.67
NSC,1.56
NSIT,5.73
NSP,3.99
NSPR,0.54
NSSC,12.82
NSTB,5.95
NSTC,0.01
NSTD,2.83
NSTG,9.28
NSTS,0.24
NSYS,0.13
NTAP,2.94
NTB,1.52
NTCT,2.24
NTGR,1.93
NTIC,0.04
NTIP,0.06
NTLA,8.39
NTNX,3.14
NTR,1.33
NTRA,4.72
NTRB,0.12
NTRS,1.44
NTST,7.43
NTWK,0.47
NU,3
NUBI,0.01
NUE,2.47
NURO,0.43
NUS,4.42
NUTX,3.76
NUVA,8.06
NUVB,1.45
NUVL,8.24
NUWE,1.98
NUZE,1.2
NVAX,39.8
NVCR,7.57
NVCT,3.01
NVDA,1.43
NVEC,0.69
NVEE,2.26
NVFY,2.16
NVGS,2.12
NVIV,1.74
NVMI,2.79
NVNO,4.43
NVOS,3.2
NVR,2.07
NVRO,5.2
NVST,6.45
NVT,1.17
NVTA,18.35
NVTS,10.58
NVVE,8.38
NWBI,7.95
NWE,1.42
NWFL,0.44
NWL,6.52
NWLI,0.83
NWN,1.04
NWPX,0.75
NWSA,3.29
NWTN,0.08
NX,4.42
NXE,4.75
NXGL,0.18
NXGN,6.75
NXL,1.12
NXPI,2.13
NXPL,6.03
NXRT,3.16
NXST,6.68
NXT,12.42
NXTC,1.06
NXTP,0.45
NYAX,0.07
NYC,0.92
NYCB,5.72
NYMT,3.65
NYMX,4.39
NYT,3.1
NYXH,1.92
O,3.53
OABI,4.05
OB,1.01
OBE,3.21
OBIO,0.99
OBLG,0.51
OBNK,2.69
OBT,0.42
OC,4.69
OCAX,0.1
OCC,0.39
OCCI,0.17
OCEA,2.26
OCFC,0.99
OCG,0.03
OCGN,16.88
OCN,2.49
OCS,0.09
OCSL,1.27
OCTO,14.12
OCUL,5.6
OCUP,6.39
OCX,1.31
ODC,0.24
ODFL,4.97
ODP,15.71
ODV,0.18
OEC,2.09
OESX,0.45
OFC,2.54
OFED,0.61
OFG,1.41
OFIX,2.91
OFLX,13.46
OFS,0.28
OGE,2.46
OGEN,2.52
OGI,2.74
OGN,2.67
OGS,4.99
OHAA,0.04
OHI,9.63
OI,1.95
OIG,49.18
OII,4.94
OIS,2.43
OKE,2.14
OKTA,2.91
OLB,0.51
OLED,2.51
OLIT,0.84
OLLI,9.86
OLMA,2.87
OLN,2.28
OLO,11.64
OLP,0.91
OLPX,12.18
OM,14.34
OMC,4.79
OMCL,6.72
OMER,14.95
OMEX,6.2
OMF,3.4
OMGA,2.11
OMH,0.29
OMI,7.68
OMIC,3.6
OMQS,0.94
ON,5.96
ONB,2.87
ONCR,0.78
ONCS,4.4
ONCT,0.91
ONCY,0.12
ONDS,8.05
ONEW,11.96
ONFO,1.66
ONL,6.45
ONON,10.08
ONTF,2.33
ONTO,2.15
ONTX,0.17
ONVO,4.89
ONYX,0.01
OOMA,1.68
OP,2.09
OPA,0.07
OPAD,6.62
OPAL,1.68
OPBK,0.24
OPCH,3.13
OPEN,11.52
OPFI,5.77
OPGN,1.66
OPHC,0.07
OPI,10.01
OPK,9.37
OPOF,0.37
OPRT,5.37
OPRX,5.64
OPTN,2.84
OPTT,5.15
OPXS,0.13
OPY,2.58
OR,2.82
ORA,6.33
ORC,3.77
ORCC,2.36
ORCL,1.06
ORGN,8.53
ORGO,7.63
ORGS,1.51
ORI,1.23
ORIA,0.02
ORIC,11.04
ORLA,2.57
ORLY,1.6
ORMP,2.12
ORN,0.21
ORRF,0.48
OSA,0.16
OSBC,1.16
OSCR,5.09
OSG,1.12
OSH,14.23
OSI,0.02
OSIS,1.74
OSK,1.91
OSPN,3.9
OSS,0.49
OST,0.42
OSTK,9.46
OSUR,1.77
OSW,7.12
OTEC,0.11
OTEX,3.22
OTIS,1.18
OTLK,16.65
OTMO,0.95
OTRK,5.72
OTTR,6.2
OUST,84.32
OUT,6.39
OVBC,0.38
OVID,0.38
OVLY,0.16
OVV,3.39
OWL,4.58
OWLT,2.84
OXAC,0.3
OXBR,0.75
OXLC,1.95
OXM,8.59
OXSQ,0.43
OXUS,0.03
OXY,5.57
OZK,10.89
PAA,3.63
PAAS,3.64
PACB,11.07
PACI,0.02
PACK,3.7
PACW,18.16
PAG,7.46
PAGS,3.24
PAHC,2.34
PALI,5.52
PALT,4.57
PANL,1.08
PANW,6.06
PAR,19.71
PARA,16.94
PARR,4.69
PASG,0.65
PATH,7.92
PATI,0.28
PATK,5.45
PAVM,6.15
PAX,2.59
PAY,6.1
PAYC,2.09
PAYO,3.32
PAYS,0.91
PAYX,3.08
PB,2.86
PBA,1.17
PBAX,0.43
PBBK,0.66
PBF,10.67
PBFS,0.56
PBH,2.37
PBHC,0.07
PBI,6.19
PBLA,17.18
PBPB,2
PBT,0.57
PBTS,8.26
PBYI,3.34
PCAR,1.7
PCB,2.35
PCCT,0.18
PCG,2.67
PCH,3.87
PCOR,5.05
PCRX,6.62
PCSA,0.81
PCT,18.18
PCTI,0.69
PCTY,6.2
PCVX,8.2
PCYG,6.4
PCYO,1.19
PD,10.09
PDCE,4.92
PDCO,3.98
PDEX,0.51
PDFS,1.95
PDLB,0.87
PDM,4.32
PDS,3.12
PDSB,6.95
PEAK,1.49
PEB,15.59
PEBK,0.25
PEBO,5.6
PECO,3.04
PED,0.4
PEG,1.07
PEGA,3.62
PEGY,4.37
PEN,10.62
PENN,8.85
PEP,0.83
PEPG,1.02
PEPL,0.34
PERF,0.2
PERI,1.38
PESI,2.58
PET,0.53
PETQ,5.95
PETS,25.59
PETV,2.34
PETZ,0.76
PEV,1.08
PFBC,6.14
PFC,1.13
PFE,0.73
PFG,2.73
PFGC,2.54
PFIE,0.06
PFIN,0.08
PFIS,0.67
PFLT,1.78
PFMT,1.39
PFS,5.71
PFSI,9.12
PFSW,8.05
PFTA,0.01
PFX,0.2
PG,0.56
PGC,1.3
PGEN,5.49
PGNY,7.82
PGR,0.65
PGRE,5.23
PGRU,0.36
PGRW,0.13
PGSS,0.02
PGTI,3.3
PGY,0.96
PH,1.33
PHAT,14.38
PHGE,0.2
PHIO,0.93
PHM,3.71
PHR,5.22
PHUN,5.56
PHVS,0.3
PHX,1.3
PHYT,0.03
PI,13.4
PIAI,0.08
PII,10.65
PIII,22.95
PIK,5.78
PINC,2.25
PINE,0.35
PINS,4.3
PIPR,1.33
PIRS,2.72
PIXY,6.45
PJT,2.68
PK,7.53
PKBK,0.95
PKE,0.83
PKG,3.4
PKI,2.78
PKOH,0.57
PL,3.46
PLAB,3.65
PLAO,0.06
PLAY,10.93
PLBC,0.39
PLBY,12.92
PLCE,24.51
PLD,1.34
PLG,2.08
PLL,18.06
PLM,1.37
PLMI,0.02
PLMR,2.28
PLNT,4.29
PLOW,1.57
PLPC,1.43
PLRX,7
PLSE,11.85
PLTK,6.55
PLTR,7.37
PLUG,18.85
PLUR,0.42
PLUS,1.29
PLX,12.8
PLXS,1.99
PLYA,4.3
PLYM,2.5
PM,0.48
PMCB,0.2
PMD,0.26
PMN,0.01
PMT,3.49
PMTS,3.32
PMVP,15.49
PNBK,0.13
PNC,1.46
PNFP,2.5
PNM,2.03
PNNT,0.83
PNR,4.16
PNRG,0.28
PNT,10.07
PNTG,1.25
PNTM,0.05
PNW,2.28
POAI,18.69
POCI,0.15
PODD,5.63
POL,7.79
POLA,7.8
POOL,9.75
POR,8.87
PORT,0.01
POST,3.86
POWI,4.96
POWL,2.99
POWW,5.88
PPBI,2.12
PPC,5.7
PPG,0.85
PPHP,0.09
PPIH,0.01
PPL,1.93
PPSI,1.67
PPTA,0.63
PPYA,0.04
PR,14.53
PRA,1.54
PRAA,3.87
PRAX,9.97
PRCH,16.75
PRCT,5.71
PRDO,4.28
PRDS,5.61
PRE,0.35
PRFT,3.45
PRFX,1
PRG,6.71
PRGO,3.89
PRGS,7.71
PRI,0.88
PRIM,1.33
PRK,5.71
PRLB,3.81
PRLD,5.71
PRLH,0.02
PRM,5.14
PRME,5.62
PRMW,0.95
PRO,6.88
PROC,0.73
PROF,2.17
PROK,7.21
PROV,0.61
PRPC,0.04
PRPH,2.89
PRPL,5.31
PRPO,0.41
PRQR,3.95
PRSO,0.23
PRSR,2.64
PRST,1.43
PRTA,6.56
PRTG,0.55
PRTH,1.41
PRTK,9.77
PRTS,4.82
PRU,2.22
PRVA,2.08
PSA,2.51
PSEC,1.85
PSFE,3.77
PSHG,2.9
PSMT,2.17
PSN,3.25
PSNL,3.48
PSNY,4.26
PSPC,0.02
PSTG,4.24
PSTL,2.55
PSTV,0.16
PSTX,7.06
PSX,2.08
PTC,1.23
PTCT,7.3
PTE,1.77
PTEN,7.82
PTGX,8.17
PTIX,0.83
PTLO,10.84
PTMN,0.69
PTN,2.96
PTON,11.1
PTPI,2.88
PTRA,7.11
PTRS,0.13
PTSI,1.29
PTVE,4.77
PUBM,4.9
PUCK,0.03
PULM,0.08
PUMP,5.61
PVBC,6.29
PVH,4.94
PVL,0.45
PW,0.71
PWFL,0.57
PWOD,0.71
PWP,2.34
PWR,3.36
PWSC,2.37
PWUP,0.03
PX,1.98
PXD,1.62
PXLW,0.87
PXMD,21.79
PXS,10.06
PYCR,15.22
PYPD,0.78
PYPL,1.42
PYR,0.2
PYXS,20.02
PZG,0.06
PZZA,5.59
QBTS,1.81
QCOM,0.9
QCRH,1.05
QDEL,4.84
QFTA,0.01
QGEN,1.74
QIPT,0.36
QLGN,1.75
QLI,0.05
QLYS,7.19
QMCO,0.31
QNCX,10.77
QNST,2.3
QOMO,0.01
QRHC,0.82
QRTEA,8.75
QRVO,2
QS,20.7
QSI,3.42
QSR,3.57
QTEK,2.53
QTRX,2.55
QTWO,4.8
QUAD,5.51
QUBT,4.82
QUIK,0.35
QUOT,2.12
QURE,7.74
R,2.98
RACE,1.94
RACY,0.4
RAD,24.63
RADI,11.73
RAIL,3.57
RAIN,5.31
RAMP,1.86
RANI,4.01
RAPT,8.71
RARE,4.29
RAVE,0.18
RAYA,0.65
RBA,3.5
RBB,0.58
RBBN,1.52
RBC,4.29
RBCAA,0.7
RBKB,0.26
RBLX,4.78
RBOT,8.14
RBT,0.97
RC,6.91
RCAC,0.03
RCAT,1.52
RCFA,0.02
RCI,1.53
RCKT,10.92
RCKY,3.02
RCL,8.02
RCLF,0.07
RCM,10.04
RCMT,6.25
RCON,1.61
RCRT,0.61
RCUS,15.51
RDCM,0.13
RDFN,17.6
RDI,0.49
RDN,7
RDNT,3.1
RDVT,8.71
RDW,8.46
RDWR,0.94
RE,1.11
REAL,17.55
REAX,0.14
REBN,1.99
REE,0.59
REFI,1.48
REFR,2.4
REG,1.58
REGN,1.15
REI,19.62
REKR,6.4
RELI,5.05
RELL,7.04
RELY,2.52
RENE,0.22
RENT,13.14
REPL,12.34
REPX,1.27
RES,11.41
RETA,17.99
RETO,0.46
REUN,0.67
REVB,4.25
REVG,2.47
REX,2.33
REXR,1.7
REYN,5.43
REZI,1.71
RF,2.11
RFIL,0.04
RFL,0.35
RGA,0.73
RGC,0.28
RGCO,0.28
RGEN,9.38
RGF,0.53
RGLD,4.85
RGLS,1.06
RGNX,11.65
RGP,1.05
RGR,4.79
RGS,5.35
RGTI,4.4
RH,12.36
RHE,1.16
RHI,5.19
RHP,2.96
RIBT,3.83
RICK,4.32
RIDE,21.73
RIG,20.03
RIGL,4.95
RILY,33.92
RIOT,20.67
RITM,1.11
RIVN,8.66
RJF,2.44
RKDA,5.05
RKLB,6.6
RKT,27.92
RL,14.86
RLAY,16.77
RLGT,0.6
RLI,3.42
RLJ,6.32
RLMD,6.59
RLYB,2.85
RM,3.2
RMAX,2.83
RMBI,0.23
RMBL,19.32
RMBS,3.31
RMCF,0.49
RMD,0.79
RMED,4.36
RMGC,0.01
RMNI,4.68
RMR,0.9
RMTI,0.9
RNA,16.9
RNAZ,5.5
RNG,5.23
RNGR,0.31
RNR,1.2
RNST,1.73
RNW,2.35
RNXT,0.38
ROAD,2.61
ROC,0.03
ROCC,13.79
ROCG,0.14
ROCK,0.87
ROG,4.03
ROIC,3.23
ROIV,2.99
ROK,2.7
ROKU,10.14
ROL,3.54
RONI,0.03
ROOT,26.04
ROP,0.66
ROSE,1.01
ROSS,0.04
ROST,1.68
ROVR,2.58
RPAY,5.9
RPD,7.8
RPHM,0.52
RPID,0.14
RPM,1.41
RPRX,2.33
RPT,1.52
RPTX,3.75
RRAC,0.01
RRBI,0.62
RRC,3.83
RRGB,16.72
RRR,3.77
RRX,1.23
RS,1.73
RSG,0.56
RSI,2.67
RSKD,1.15
RSLS,4.59
RSSS,0.11
RSVR,7.34
RTC,0.05
RTL,2.76
RTX,0.62
RUM,4.48
RUN,16.56
RUSHA,3.04
RUTH,6.63
RVLP,0.28
RVLV,24.24
RVMD,9.79
RVNC,16.2
RVP,1.27
RVPH,7.12
RVSB,0.16
RVSN,0.14
RVYL,1.89
RWAY,0.55
RWLK,1.93
RWOD,0.02
RWT,6.57
RXDX,12.73
RXO,1.65
RXRX,11.79
RXST,1.78
RXT,3.04
RY,1.65
RYAM,10
RYAN,8.81
RYI,2.63
RYN,1.33
RYTM,14.45
RZLT,0.53
S,7.17
SA,3.75
SABR,16.04
SABS,0.38
SACH,2.75
SAFE,26.04
SAFT,1.07
SAGA,0.02
SAGE,9.31
SAH,21.97
SAI,0.24
SAIA,15.99
SAIC,1.85
SAL,0.09
SALM,0.62
SAM,4.1
SAMA,0.03
SAMG,1.64
SANA,17.4
SAND,2.43
SANG,0.4
SANM,2.91
SANW,0.07
SAR,0.26
SASI,2.31
SASR,3.31
SATL,0.26
SATS,10
SATX,1.95
SAVA,28.16
SAVE,9.43
SB,4.14
SBAC,1.39
SBCF,5
SBET,0.63
SBEV,0.54
SBFG,0.23
SBFM,1.53
SBGI,8.71
SBH,8.58
SBIG,1.52
SBLK,5.33
SBOW,7.75
SBR,0.19
SBRA,5.59
SBSI,2.93
SBT,0.89
SBUX,1.1
SCAQ,0.01
SCCO,6.71
SCHL,2.78
SCHN,1.72
SCHW,1.72
SCI,4.54
SCKT,0.17
SCL,0.8
SCLX,1.56
SCM,0.66
SCOR,4.77
SCPH,11.26
SCPL,2.93
SCRM,0.03
SCS,6.09
SCSC,0.82
SCTL,0.41
SCU,1.77
SCUA,0.01
SCVL,17.41
SCWO,2.46
SCWX,2.46
SCX,0.1
SCYX,9.7
SD,3.2
SDAC,0.17
SDC,22.72
SDGR,7.02
SDHY,0.05
SDIG,5.35
SDPI,0.35
SDRL,4.6
SEAC,0.76
SEAS,12.14
SEAT,12.91
SEB,0.53
SEDA,0.01
SEDG,5.1
SEE,1.61
SEED,0.53
SEEL,5.32
SEER,3.54
SEIC,1.26
SELB,5.92
SELF,0.04
SEM,6.12
SEMR,2.74
SENEA,1.46
SENS,14.12
SERA,0.73
SES,2.17
SEV,7.72
SEVN,0.19
SF,1.21
SFBC,0.07
SFBS,6.44
SFE,1.64
SFIX,15.74
SFL,2.31
SFM,16.16
SFNC,2.68
SFR,0.09
SFST,1.11
SFT,14.65
SFWL,2.31
SG,10.69
SGA,0.08
SGBX,2.61
SGC,2.52
SGEN,2.62
SGH,7.85
SGHC,0.21
SGHT,1.3
SGLY,1.98
SGMA,2.76
SGML,2.17
SGMO,13.29
SGRP,0.07
SGRY,7.17
SGTX,0.45
SGU,0.58
SHAK,10.34
SHAP,0.02
SHBI,1.11
SHC,5.65
SHCO,2.85
SHCR,3.05
SHEN,2.12
SHFS,1.71
SHIP,5.77
SHLS,7.36
SHO,5.83
SHOO,5.48
SHOP,2.99
SHPH,2.03
SHPW,0.52
SHUA,0.03
SHW,1.04
SHYF,3.38
SI,51.39
SIBN,3.58
SIDU,8.08
SIEB,0.6
SIEN,18.16
SIF,0.59
SIG,12.06
SIGA,8.19
SIGI,2.38
SII,2.8
SILC,0.12
SILK,10.48
SILO,0.06
SILV,7.2
SINT,0.86
SIRE,1
SIRI,29.07
SISI,0.01
SITC,4.38
SITE,6
SITM,5.4
SIX,8.44
SJ,0.21
SJM,3.84
SJT,2.86
SJW,4.7
SKE,1.41
SKGR,0.02
SKIL,2.3
SKIN,16.98
SKLZ,13.77
SKT,5.22
SKWD,5.7
SKX,2.74
SKY,3.56
SKYH,1.88
SKYT,7.19
SKYW,4.42
SKYX,2.84
SLAB,6.63
SLAC,0.09
SLAM,0.02
SLB,1.35
SLCA,6.94
SLDB,0.28
SLDP,6.96
SLF,0.55
SLG,27.98
SLGC,5.96
SLGG,4.4
SLGL,0.57
SLGN,1.08
SLI,5.82
SLM,3.25
SLNA,0.2
SLND,3.66
SLNG,0.06
SLNH,3.71
SLNO,1.77
SLP,10.49
SLQT,1.66
SLRC,1.18
SLRX,5.67
SLS,4.18
SLVM,1.99
SLVR,0.1
SM,3.85
SMAP,0.05
SMAR,3.18
SMBC,0.87
SMBK,1.65
SMCI,12.21
SMFL,86.06
SMG,6.81
SMHI,0.8
SMID,0.27
SMLP,0.22
SMLR,2.93
SMMF,0.3
SMMT,13.52
SMP,1.23
SMPL,2.97
SMR,14.7
SMRT,5.85
SMSI,3.79
SMTC,13.58
SMTI,2.36
SMWB,0.68
SMX,0.86
SNA,4.51
SNAL,4.96
SNAP,4.78
SNAX,0.75
SNBR,14.94
SNCE,3.04
SNCR,1.06
SNCY,2.67
SND,0.77
SNDA,0.28
SNDL,6.3
SNDR,10.31
SNDX,10.62
SNES,2.61
SNEX,0.93
SNFCA,0.1
SNGX,5.21
SNMP,0.03
SNOA,3.6
SNOW,4.35
SNPO,5.33
SNPS,1.02
SNPX,4.75
SNRH,0.21
SNSE,0.51
SNT,0.03
SNTG,1.98
SNTI,1.66
SNV,3.47
SNX,1.21
SO,1.44
SOBR,4.85
SOFI,11.5
SOFO,0.84
SOHO,0.38
SOHU,1.62
SOI,1.74
SOLO,8.93
SON,0.95
SOND,7.51
SONM,0.09
SONN,1.3
SONO,10.35
SONX,1.4
SOPA,1.4
SOPH,0.17
SOTK,0.18
SOUN,11.36
SOVO,7.73
SP,1.27
SPB,4.39
SPCB,1.14
SPCE,24.66
SPCM,0.01
SPFI,0.39
SPG,2.02
SPGI,0.79
SPH,1.33
SPHR,9.62
SPI,0.25
SPIR,4.55
SPLK,2.96
SPLP,0.09
SPNS,1.55
SPNT,1.47
SPOK,1.06
SPOT,1.83
SPPI,2.52
SPR,6.4
SPRB,3.55
SPRC,5.63
SPRO,4.35
SPRU,1.72
SPRY,4.33
SPSC,2.04
SPT,14.28
SPTN,2.08
SPWH,8.89
SPWR,13.65
SPXC,0.8
SQ,5.47
SQFT,0.43
SQL,0.48
SQSP,5.48
SQZ,2.84
SR,4.36
SRAD,1.8
SRC,2.28
SRCE,1.09
SRCL,1.18
SRDX,2.81
SRE,0.97
SRG,22.59
SRGA,1.33
SRI,1.44
SRL,0.08
SRPT,5.37
SRRK,7.59
SRT,0.19
SRTS,3.38
SRZN,1.27
SSB,7.39
SSBI,0.07
SSBK,0.24
SSD,1.66
SSIC,0.05
SSKN,0.95
SSNC,1.3
SSNT,1.95
SSP,2.78
SSRM,3.6
SSSS,0.84
SST,1.26
SSTI,2.08
SSTK,9.9
SSU,0.04
SSY,0.04
SSYS,1.32
ST,1.23
STAA,12.82
STAF,1.33
STAG,2.94
STBA,2.28
STBX,3.57
STC,6.74
STCN,0.52
STE,2.3
STEL,1.68
STEM,21.94
STEP,2.05
STER,1.48
STGW,2.06
STIM,1.47
STIX,0.14
STKL,4.61
STKS,1.98
STLA,0.77
STLD,3.8
STN,0.31
STNE,6.19
STNG,7.07
STOK,9.36
STR,5.65
STRA,5.3
STRC,5.42
STRL,1.45
STRM,0.06
STRO,5.36
STRR,2.23
STRS,4.35
STRT,0.05
STRW,0.03
STSA,0.5
STSS,3.85
STT,1.27
STTK,1.16
STVN,0.22
STWD,8.65
STX,4.97
STXS,2.57
STZ,1.35
SU,1.16
SUI,1.7
SUM,5.04
SUMO,3.67
SUN,1.01
SUNL,8.01
SUNW,10.38
SUP,0.06
SUPN,7.83
SUPV,0.97
SURF,1.38
SURG,16.5
SVA,0.28
SVC,5.92
SVFD,0.03
SVII,0.09
SVM,0.85
SVNA,0.03
SVRA,0.9
SVT,0.29
SVVC,0.08
SWAG,2.16
SWAV,4.32
SWBI,5.43
SWI,3.52
SWIM,1.51
SWK,5.61
SWKH,0.42
SWKS,1.86
SWN,5.83
SWSS,0.04
SWTX,20.06
SWVL,1.03
SWX,3.45
SXC,1.8
SXI,1.08
SXT,1.15
SYBT,2.69
SYBX,0.52
SYF,3.59
SYK,1.25
SYM,5.73
SYNA,4.02
SYNH,2.75
SYPR,1.42
SYRS,3.5
SYTA,0.99
SYY,2.41
SZZL,0.11
T,1.21
TA,11.3
TAC,0.75
TACT,1.9
TAIT,0.02
TALK,1.56
TALO,6.35
TALS,2.56
TANH,0.14
TAOP,0.06
TAP,3.54
TARA,0.83
TARO,0.61
TARS,4.39
TASK,7.47
TAST,1.17
TATT,0.27
TAYD,0.3
TBBK,3.55
TBCP,1.3
TBI,1.36
TBIO,0.98
TBLA,0.82
TBLD,0.03
TBLT,9.5
TBNK,0.56
TBPH,13.58
TCBC,0.19
TCBI,4.85
TCBK,1.92
TCBS,0.06
TCBX,0.97
TCFC,0.14
TCI,0.75
TCMD,1.99
TCN,1.15
TCON,0.61
TCPC,0.68
TCRR,1.41
TCRT,10.85
TCRX,0.52
TCS,3.09
TCX,8.89
TD,2.06
TDC,4.27
TDG,2.29
TDOC,15.99
TDS,4.41
TDUP,10.67
TDW,5.5
TDY,1.48
TEAM,3.32
TECH,2.4
TECK,2.86
TEL,1.1
TELA,0.51
TELL,13.39
TENB,3.33
TENX,0.91
TER,2.24
TERN,4.78
TESS,0.45
TEX,6.17
TFC,2.19
TFFP,0.68
TFII,1.18
TFIN,8.68
TFPM,0.11
TFSL,0.97
TFX,2.94
TG,3.21
TGAA,0.07
TGAN,1.86
TGB,0.14
TGH,4.06
TGI,12.13
TGL,0.43
TGLS,2.9
TGNA,2.54
TGR,0.06
TGT,2.27
TGTX,20.6
TGVC,0.02
TH,19.52
THC,4.12
THCH,0.27
THCP,0.03
THFF,1.01
THG,1.35
THM,0.08
THMO,1.33
THO,11.11
THR,0.52
THRD,1.54
THRM,1.69
THRN,2
THRX,3.04
THRY,10.03
THS,1.71
THTX,0.05
TIGO,0.34
TIGR,6.73
TIL,2.86
TILE,1.19
TIO,2.82
TIPT,1.19
TIRX,0.32
TISI,1.08
TITN,1.52
TIVC,1.06
TIXT,1.06
TJX,0.58
TK,3.51
TKAT,0.31
TKNO,4.37
TKR,1.59
TLGA,0.06
TLIS,1.13
TLRY,8.06
TLS,2.8
TLSA,0.51
TLYS,5.23
TMBR,1.78
TMC,2.99
TMCI,4.35
TMDX,6.88
TMHC,3.57
TMKR,0.25
TMO,0.77
TMP,1.89
TMPO,0.61
TMQ,0.03
TMST,6.99
TMUS,5.53
TNC,1.95
TNDM,11.6
TNET,4.04
TNGX,3.38
TNK,4.79
TNL,4.91
TNON,3.17
TNP,1.04
TNXP,2.31
TNYA,2.66
TOAC,0.01
TOI,2.62
TOL,3.27
TOMZ,0.55
TOP,6.3
TOPS,3.78
TORO,11.39
TOST,6.7
TOVX,2.52
TOWN,1.34
TPB,15.12
TPC,4.9
TPG,7.38
TPH,3.02
TPHS,0.33
TPIC,17.12
TPL,3.84
TPR,4.27
TPST,0.32
TPVG,6.63
TPX,6.12
TR,7.52
TRC,0.78
TRCA,0.14
TRDA,4.14
TREE,7.9
TREX,6.87
TRGP,1.54
TRHC,7.23
TRI,1.33
TRIN,5.13
TRIP,7.35
TRIS,0.02
TRKA,3.49
TRMB,0.88
TRMD,0.67
TRMK,1.72
TRN,2.25
TRNO,2.75
TRNS,1.88
TRON,0.09
TROO,0.47
TROW,9.38
TROX,3.96
TRP,4.24
TRS,1.12
TRST,1.33
TRT,0.72
TRTL,0.03
TRTN,2.79
TRTX,1.61
TRU,2.55
TRUP,24.59
TRV,1.35
TRVI,0.35
TRVN,1.5
TSAT,0.68
TSBK,0.22
TSCO,4.55
TSE,7.04
TSEM,0.88
TSHA,4.26
TSLA,3.21
TSLX,1.84
TSN,1.56
TSP,8.8
TSQ,0.36
TSRI,0.07
TSVT,15.72
TT,1.63
TTC,1.2
TTCF,31.01
TTD,3.43
TTEC,2.4
TTEK,1.14
TTGT,7.7
TTI,1.89
TTMI,1.45
TTNP,0.5
TTOO,2.16
TTSH,5.84
TTWO,3.38
TU,1.01
TUP,18.93
TURN,0.05
TUSK,1.06
TVTX,11.1
TW,2.44
TWCB,0.04
TWI,2.23
TWIN,0.32
TWKS,1.82
TWLO,3.49
TWLV,0.49
TWNK,3.14
TWO,3.37
TWOA,3.18
TWOU,11.73
TWST,21.58
TXG,6.87
TXMD,3.6
TXN,2.12
TXRH,8.09
TXT,3.2
TYL,2.35
TYRA,3.68
TZOO,0.58
U,9.47
UAA,8.72
UAL,5.03
UAMY,1.13
UAN,4.13
UAVS,4.07
UBA,1.19
UBCP,0.16
UBER,2.76
UBFO,0.22
UBS,0.72
UBSI,2.75
UBX,8.54
UCBI,3.74
UCTT,2.66
UDMY,1.69
UDR,1.38
UE,4.91
UEC,12.14
UEIC,3.98
UFAB,2.35
UFCS,1.21
UFI,4.05
UFPI,1.88
UFPT,1.9
UG,0.05
UGI,1.78
UGRO,2.32
UHAL,20.66
UHG,0.28
UHS,3.06
UHT,1.42
UI,4.53
UIHC,2.17
UIS,2.87
UK,0.76
ULBI,0.16
ULCC,8.06
ULH,2.6
ULTA,3.74
UMBF,2.32
UMH,2.5
UNAM,0.01
UNB,0.27
UNCY,2.91
UNF,1.07
UNFI,4.64
UNH,0.56
UNIT,9.09
UNM,1.42
UNP,0.85
UNTY,0.72
UNVR,2.06
UONEK,1.49
UP,2.89
UPBD,10.45
UPC,0.34
UPH,6.24
UPLD,5.12
UPS,1.94
UPST,37.35
UPTD,0.13
UPWK,5.05
UPXI,0.76
URBN,16.74
URG,3.15
URGN,3.52
URI,4.08
UROY,2.06
USAC,2.09
USAP,0.22
USAS,1.64
USAU,0.78
USB,1.69
USCB,0.84
USDP,0.59
USEA,8.29
USEG,2.65
USFD,3.74
USIO,0.32
USLM,0.91
USM,9.15
USNA,3.12
USPH,5.74
USX,4.7
UTHR,3.02
UTI,2.1
UTL,1.63
UTMD,0.86
UTME,0.42
UTRS,0.52
UTSI,0.03
UTZ,8.47
UUU,2.34
UUUU,14.8
UVE,1.66
UVSP,1.44
UVV,0.97
UWMC,24.54
V,1.93
VABK,0.36
VAC,8.58
VAL,7
VALU,1.21
VANI,0.7
VAPO,4.43
VAQC,0.41
VATE,6.69
VAXX,4.46
VBFC,0.12
VBIV,7.42
VBLT,1.47
VBNK,0.08
VBOC,0.25
VBTX,5.35
VC,2.67
VCEL,11.78
VCNX,0.31
VCSA,8.32
VCTR,4.02
VCXA,0.04
VCXB,0.01
VCYT,4.99
VECO,10.21
VECT,0.2
VEDU,0.57
VEEE,1.14
VEEV,1.57
VEL,0.95
VERA,6.09
VERB,120.15
VERI,11.4
VERO,0.64
VERU,30.25
VERV,24.15
VERX,1.34
VERY,0.13
VET,0.87
VEV,0.9
VFC,4.13
VFF,1.72
VGAS,0.63
VGR,1.92
VGZ,0.09
VHAQ,0.12
VHC,6.08
VHI,4.33
VIA,11.77
VIAV,2.38
VICI,2.69
VICR,9.83
VIEW,3.64
VIGL,1.57
VII,0.12
VINC,3.72
VINE,1.73
VINO,1.49
VINP,0.36
VIR,4.17
VIRC,0.06
VIRI,3.33
VIRT,2.24
VIRX,1.73
VISL,3.91
VITL,6.29
VIVK,0.15
VKTX,12.43
VLAT,0.05
VLCN,1.24
VLD,6.83
VLGEA,5.19
VLN,0.16
VLO,3
VLY,4.57
VMAR,0.49
VMC,1.1
VMCA,0.01
VMD,0.35
VMEO,3.84
VMGA,0.03
VMI,0.84
VMW,2.89
VNCE,0.51
VNDA,5.26
VNO,11.07
VNOM,1.77
VNRX,1.57
VNT,1.2
VNTR,1.05
VOC,1.5
VOR,3.84
VOXR,0.08
VOXX,3.23
VOYA,20.41
VPG,0.45
VQS,0.05
VRA,2
VRAR,2.47
VRAX,2.53
VRAY,4.93
VRCA,4.7
VRDN,8.7
VRE,3.46
VREX,8.33
VRM,16.49
VRME,0.24
VRNS,5.05
VRNT,4.26
VRPX,0.96
VRRM,7.11
VRSK,7.39
VRSN,0.95
VRT,3.46
VRTS,1.34
VRTV,10.99
VRTX,1.31
VS,1.11
VSAT,10.55
VSCO,10
VSEC,1.22
VSH,4.41
VST,2.15
VSTA,0.54
VSTM,0.54
VSTO,7.03
VTEX,1.06
VTGN,7.27
VTLE,21.62
VTNR,33.09
VTOL,1.18
VTR,1.55
VTRS,1.97
VTRU,0.14
VTS,3.11
VTSI,0.22
VTVT,4.1
VTYX,12.78
VUZI,24.9
VVI,2.66
VVOS,0.77
VVPR,1.98
VVV,2.13
VVX,1.94
VXRT,15.28
VYGR,3.08
VYNE,2.95
VYNT,3.16
VZ,0.97
VZIO,4.42
VZLA,0.23
W,31.49
WAB,0.95
WABC,1.69
WAFD,6.28
WAFU,0.23
WAL,7.35
WALD,0.08
WASH,3.18
WAT,3.94
WATT,2.62
WAVC,0.03
WAVD,0.83
WAVS,0.01
WBA,4.21
WBD,3.1
WBS,2.83
WBX,6.03
WCC,3.36
WCN,1.24
WD,2.88
WDAY,2.39
WDC,2.22
WDFC,9.49
WE,15.06
WEAV,1.61
WEC,1.3
WEJO,2.97
WELL,2.62
WEN,3.53
WERN,6.19
WES,1.83
WEST,9.72
WETG,1.7
WEX,1.44
WEYS,1.06
WFC,0.94
WFCF,2.79
WFG,1.17
WFRD,5.31
WGO,19.82
WGS,5.2
WH,3.02
WHD,3.39
WHF,0.46
WHG,0.02
WHLM,0.14
WHLR,0.01
WHR,7.91
WILC,0.04
WINA,1.82
WING,9.49
WINT,1.14
WIRE,15.36
WISA,5.45
WISH,12.06
WIX,6.8
WK,4.22
WKHS,28.68
WKME,0.5
WKSP,1.92
WLDN,2.71
WLDS,2.32
WLFC,1.58
WLK,7.73
WLKP,0.21
WLMS,0.26
WLY,2.18
WM,1.47
WMB,1.93
WMC,1.39
WMG,3.49
WMK,8.38
WMPN,0.96
WMS,7
WMT,0.86
WNC,10.02
WNEB,0.37
WNNR,0.02
WNW,0.65
WOLF,12.88
WOOF,18.03
WOR,3.17
WORX,0.15
WOW,2.77
WPC,3.22
WPM,3.31
WPRT,1.37
WRAC,0.01
WRAP,8.99
WRB,1.25
WRBY,11.04
WRK,1.91
WRLD,16.04
WRN,0.11
WSBC,1.21
WSBF,1.72
WSC,4.28
WSFS,2.02
WSM,13.91
WSO,11.68
WSR,1.65
WST,1.83
WT,6.21
WTBA,1.33
WTER,4.11
WTFC,2.12
WTI,13.43
WTM,1.04
WTMA,0.07
WTRG,1.34
WTS,2.62
WTT,0.17
WTTR,3.26
WTW,0.88
WU,5.9
WULF,10.36
WVE,2.68
WVVI,0.02
WW,16.83
WWAC,7.77
WWD,2.01
WWE,25.12
WWR,0.98
WWW,6.37
WY,1.37
WYNN,7.79
WYY,0.38
X,7.57
XAIR,6.94
XBIO,0.34
XBIT,0.37
XCUR,3.42
XEL,1.24
XELA,1.9
XELB,0.05
XENE,5.76
XERS,6.15
XFIN,1.2
XFOR,2.9
XGN,0.1
XHR,2.8
XLO,0.94
XM,3.84
XMTR,12.02
XNCR,8.7
XOM,0.93
XOMA,4.95
XOS,9.29
XP,6.6
XPAX,0.03
XPDB,0.15
XPEL,7.19
XPER,3.5
XPL,0.01
XPO,4.28
XPOF,15.5
XPON,2.44
XPRO,2.88
XRAY,3.95
XRTX,0.4
XRX,5.21
XTNT,0.16
XWEL,1.7
XXII,9.86
XYL,7.33
YCBD,3.24
YELL,10.59
YELP,4.3
YETI,10.6
YEXT,3.89
YGF,0.03
YGMZ,1.81
YMAB,4.71
YMM,4.54
YNDX,0.7
YORW,1.13
YOSH,2.26
YOTA,0.26
YOU,20.87
YS,0.16
YTEN,2.47
YTRA,0.1
YUM,1.28
YUMC,1.97
YVR,10.45
TRUE,2.3
